PREFLOP,LOW,LOW,0.0,0.0,0.5,0.0,200.0,0.0,0.0,0.5,100.0
PREFLOP,LOW,LOW,0.0,0.2,0.1,0.0,83.33333333333333,70.0528900717694,0.0,0.9,580.7777777777778
PREFLOP,LOW,LOW,0.044444444444444446,0.2,0.5333333333333333,0.0,240.6060606060606,270.2681887348219,0.0,0.4,523.6111111111111
PREFLOP,LOW,LOW,0.024390243902439025,0.3048780487804878,0.4878048780487805,0.036585365853658534,519.8235294117648,929.3435170783725,0.0,0.45121951219512196,399.94594594594594
PREFLOP,LOW,LOW,0.05952380952380952,0.2261904761904762,0.4642857142857143,0.03571428571428571,267.327868852459,354.694598197882,0.0,0.40476190476190477,506.0
PREFLOP,LOW,LOW,0.0,0.5,0.0,0.0,100.0,0.0,0.0,1.0,225.0
PREFLOP,LOW,LOW,0.0,0.0,0.4,0.0,675.5,575.5,0.0,0.6,700.0
PREFLOP,LOW,LOW,0.2857142857142857,0.2857142857142857,0.0,0.0,18.0,2.0,0.0,0.42857142857142855,297.6666666666667
PREFLOP,LOW,LOW,0.0670391061452514,0.20670391061452514,0.3463687150837989,0.01675977653631285,491.6372549019608,1133.9107536237532,0.0,0.5195530726256983,505.13978494623655
PREFLOP,LOW,LOW,0.07142857142857142,0.15714285714285714,0.4,0.0,387.1025641025641,475.80495921161963,0.0,0.4857142857142857,607.9411764705883
PREFLOP,LOW,LOW,0.0,0.5,0.5,0.0,275.0,194.45436482630058,0.0,0.5,200.0
PREFLOP,LOW,LOW,0.05755395683453238,0.17985611510791366,0.1079136690647482,0.04316546762589928,364.7608695652174,546.9402326826038,0.0,0.7410071942446043,573.7378640776699
PREFLOP,LOW,LOW,0.03289473684210526,0.16447368421052633,0.19078947368421054,0.06578947368421052,430.65625,444.1625892456779,0.0,0.6842105263157895,776.0384615384615
PREFLOP,LOW,LOW,0.0,0.0,0.0,0.0,0.0,0.0,0.0,1.0,1900.0
PREFLOP,LOW,LOW,0.045454545454545456,0.13636363636363635,0.13636363636363635,0.0,429.1666666666667,532.1085111070792,0.0,0.7727272727272727,592.6470588235294
PREFLOP,LOW,LOW,0.0,0.5,0.25,0.0,158.33333333333334,185.15509014717202,0.0,0.75,600.6666666666666
PREFLOP,LOW,LOW,0.04081632653061224,0.14285714285714285,0.2653061224489796,0.0,184.25,338.49428540227973,0.0,0.6530612244897959,708.53125
PREFLOP,LOW,LOW,0.0,0.0,0.0,0.0,0.0,0.0,0.0,1.0,10.0
PREFLOP,LOW,LOW,0.0,0.0,0.25,0.0,800.0,0.0,0.0,0.75,433.3333333333333
PREFLOP,LOW,LOW,0.2,0.2,0.2,0.0,100.0,0.0,0.0,0.4,225.0
PREFLOP,LOW,LOW,0.0,0.0,0.0,0.0,0.0,0.0,0.0,1.0,900.0
PREFLOP,LOW,LOW,0.08333333333333333,0.3611111111111111,0.6388888888888888,0.0,653.1944444444445,2510.572039720846,0.0,0.25,875.5555555555555
PREFLOP,LOW,LOW,0.0,0.375,0.375,0.0,286.6666666666667,243.02110867013027,0.0,0.625,1176.0
PREFLOP,LOW,LOW,0.0,0.18181818181818182,0.36363636363636365,0.0,150.0,50.0,0.0,0.6363636363636364,421.42857142857144
PREFLOP,LOW,LOW,0.0,0.42857142857142855,0.42857142857142855,0.14285714285714285,578.1428571428571,920.3355390145367,0.0,0.42857142857142855,196.66666666666666
PREFLOP,LOW,LOW,0.0,0.0,0.3333333333333333,0.0,800.0,0.0,0.0,0.6666666666666666,375.0
PREFLOP,LOW,LOW,0.2,0.2,0.2,0.0,800.0,600.0,0.0,0.4,600.0
PREFLOP,LOW,LOW,0.0,0.0,0.3333333333333333,0.0,200.0,0.0,0.0,0.6666666666666666,200.0
PREFLOP,LOW,LOW,0.0,0.25,0.25,0.0,124.0,87.68124086713189,0.0,0.75,173.33333333333334
PREFLOP,LOW,LOW,0.125,0.25,0.25,0.0,898.25,556.8176738170224,0.0,0.5,475.0
PREFLOP,LOW,LOW,0.0,0.0,0.0,0.0,0.0,0.0,0.0,1.0,850.0
PREFLOP,LOW,LOW,0.11538461538461539,0.19230769230769232,0.11538461538461539,0.0,95.0,61.82940239077198,0.0,0.6538461538461539,373.29411764705884
PREFLOP,LOW,LOW,0.08333333333333333,0.25,0.6666666666666666,0.08333333333333333,263.5,378.06288057235486,0.0,0.08333333333333333,100.0
PREFLOP,LOW,LOW,0.08695652173913043,0.21739130434782608,0.13043478260869565,0.043478260869565216,583.3333333333334,793.005690201122,0.0,0.6521739130434783,612.8666666666667
PREFLOP,LOW,LOW,0.0,0.0,0.3333333333333333,0.0,20.0,0.0,0.0,1.0,226.66666666666666
PREFLOP,LOW,LOW,0.0,1.0,1.0,0.0,27.5,19.445436482630058,0.0,0.0,0.0
PREFLOP,LOW,LOW,0.0,0.2,0.26666666666666666,0.06666666666666667,165.125,170.5719583306412,0.0,0.6666666666666666,773.3
PREFLOP,LOW,LOW,0.0,0.16666666666666666,0.16666666666666666,0.0,550.0,388.90872965260115,0.0,0.8333333333333334,275.0
PREFLOP,LOW,LOW,0.0,0.4,0.4,0.0,175.0,97.62812094883319,0.0,0.6,566.6666666666666
PREFLOP,LOW,LOW,0.0,0.06666666666666667,0.0,0.0,100.0,0.0,0.0,1.0,325.6666666666667
PREFLOP,LOW,LOW,0.13043478260869565,0.391304347826087,0.08695652173913043,0.0,209.0909090909091,199.23784155033113,0.0,0.6521739130434783,240.0
PREFLOP,LOW,LOW,0.0,0.0,0.0,0.0,0.0,0.0,0.0,1.0,2800.0
PREFLOP,LOW,LOW,0.030303030303030304,0.18181818181818182,0.18181818181818182,0.0,174.58333333333334,246.54865913130507,0.0,0.7575757575757576,484.04
PREFLOP,LOW,LOW,0.2,0.2,0.4,0.0,133.33333333333334,47.14045207910317,0.0,0.2,50.0
PREFLOP,LOW,LOW,0.08333333333333333,0.25,0.3333333333333333,0.0,202.28571428571428,137.31112126599075,0.0,0.5,33.333333333333336
PREFLOP,LOW,LOW,0.034013605442176874,0.21768707482993196,0.23809523809523808,0.034013605442176874,522.4444444444445,862.76271381124,0.0,0.7006802721088435,790.6310679611651
PREFLOP,LOW,LOW,0.047619047619047616,0.19047619047619047,0.23809523809523808,0.0,527.7777777777778,1704.365531677191,0.0,0.6666666666666666,492.25
PREFLOP,LOW,LOW,0.0,0.5,0.5,0.0,60.0,42.42640687119285,0.0,0.5,100.0
PREFLOP,LOW,LOW,0.07352941176470588,0.25,0.17647058823529413,0.0,191.58620689655172,215.72343297049616,0.0,0.6764705882352942,414.5652173913044
PREFLOP,LOW,LOW,0.0,0.5714285714285714,1.0,0.0,297.72727272727275,410.2108178746966,0.0,0.0,0.0
PREFLOP,LOW,LOW,0.0,0.0,1.0,0.0,800.0,0.0,0.0,0.0,0.0
PREFLOP,LOW,LOW,0.0,0.0,0.25,0.0,400.0,0.0,0.0,0.75,116.66666666666667
PREFLOP,LOW,LOW,0.08,0.28,0.16,0.0,928.3636363636364,1175.5805337299305,0.0,0.68,1034.5294117647059
PREFLOP,LOW,LOW,0.058823529411764705,0.35294117647058826,0.29411764705882354,0.11764705882352941,489.7692307692308,755.0920835367937,0.0,0.47058823529411764,531.5
PREFLOP,LOW,LOW,0.16666666666666666,0.3333333333333333,0.0,0.08333333333333333,183.0,54.0,0.0,0.5833333333333334,184.28571428571428
PREFLOP,LOW,LOW,0.0,0.0,0.25,0.0,100.0,0.0,0.0,0.75,116.66666666666667
PREFLOP,LOW,LOW,0.0,0.1111111111111111,0.07407407407407407,0.037037037037037035,640.0,533.041586870418,0.0,0.8888888888888888,345.0
PREFLOP,LOW,LOW,0.07692307692307693,0.38461538461538464,0.07692307692307693,0.0,933.3333333333334,1153.416824209865,0.0,0.7692307692307693,860.0
PREFLOP,LOW,LOW,0.06666666666666667,0.2222222222222222,0.2222222222222222,0.0,610.85,1013.9262915148221,0.0,0.6444444444444445,398.8965517241379
PREFLOP,LOW,LOW,0.09523809523809523,0.19047619047619047,0.2857142857142857,0.0,322.6,321.85363754352693,0.0,0.5714285714285714,473.5
PREFLOP,LOW,LOW,0.06666666666666667,0.2,0.24444444444444444,0.0,488.85,556.8015617120699,0.0,0.6222222222222222,448.25
PREFLOP,LOW,LOW,0.11475409836065574,0.16393442622950818,0.04918032786885246,0.01639344262295082,394.5,371.40130394416843,0.0,0.7049180327868853,323.04651162790697
PREFLOP,LOW,LOW,0.04,0.2,0.44,0.0,331.25,504.9332799365675,0.0,0.56,831.8571428571429
PREFLOP,LOW,LOW,0.0,0.0,0.15384615384615385,0.0,450.0,250.0,0.0,0.8461538461538461,1663.909090909091
PREFLOP,LOW,LOW,0.0,0.6666666666666666,1.0,0.0,42.0,24.298148077579903,0.0,0.0,0.0
PREFLOP,LOW,LOW,0.047619047619047616,0.42857142857142855,0.5238095238095238,0.14285714285714285,300.3478260869565,545.8443127924307,0.0,0.23809523809523808,262.0
PREFLOP,LOW,LOW,0.1,0.3,0.1,0.0,425.0,355.97577164745354,0.0,0.7,680.2857142857143
PREFLOP,LOW,LOW,0.04081632653061224,0.20408163265306123,0.22448979591836735,0.1836734693877551,412.1333333333333,626.2478846567365,0.0,0.5306122448979592,524.1153846153846
PREFLOP,LOW,LOW,0.0,0.2,0.6,0.0,825.0,657.0530800475711,0.0,0.4,75.0
PREFLOP,LOW,LOW,0.10126582278481013,0.24050632911392406,0.2911392405063291,0.06329113924050633,470.25531914893617,594.0178104618194,0.0,0.4430379746835443,365.57142857142856
PREFLOP,LOW,LOW,0.0,0.2857142857142857,0.5714285714285714,0.0,372.5,400.40214160266424,0.0,0.42857142857142855,80.0
PREFLOP,LOW,LOW,0.05063291139240506,0.12658227848101267,0.0759493670886076,0.06329113924050633,203.8095238095238,216.81591381074745,0.0,0.7721518987341772,932.5573770491803
PREFLOP,LOW,LOW,0.13043478260869565,0.2608695652173913,0.2826086956521739,0.0,377.2,478.90853573516506,0.0,0.45652173913043476,401.8095238095238
PREFLOP,LOW,LOW,0.2,0.2,0.0,0.0,100.0,0.0,0.0,0.6,175.0
PREFLOP,LOW,LOW,0.06060606060606061,0.24242424242424243,0.21212121212121213,0.0,597.3333333333334,571.8196037731299,0.0,0.6666666666666666,518.6363636363636
PREFLOP,LOW,LOW,0.0,0.125,0.0,0.0,50.0,0.0,0.0,1.0,689.0
PREFLOP,LOW,LOW,0.0,0.0,0.0,0.0,0.0,0.0,0.0,1.0,225.0
PREFLOP,LOW,LOW,0.06666666666666667,0.21904761904761905,0.5333333333333333,0.01904761904761905,442.61728395061726,490.0746760308374,0.0,0.3523809523809524,950.5945945945946
PREFLOP,LOW,LOW,0.06153846153846154,0.2,0.3230769230769231,0.0,445.44117647058823,424.2338829783926,0.0,0.5538461538461539,510.27777777777777
PREFLOP,LOW,LOW,0.07954545454545454,0.29545454545454547,0.29545454545454547,0.022727272727272728,344.75925925925924,546.0111831556445,0.0,0.5227272727272727,574.8913043478261
PREFLOP,LOW,LOW,0.0,0.0,0.0,0.0,0.0,0.0,0.0,1.0,600.0
PREFLOP,LOW,LOW,0.0,0.0,0.0,0.0,0.0,0.0,0.0,1.0,200.0
PREFLOP,LOW,LOW,0.04411764705882353,0.1323529411764706,0.058823529411764705,0.058823529411764705,586.5294117647059,825.4741233945838,0.0,0.8235294117647058,646.9464285714286
PREFLOP,LOW,LOW,0.0,0.0,0.4,0.0,200.0,150.0,0.0,0.8,387.5
PREFLOP,LOW,LOW,0.0,0.0,0.0,0.0,0.0,0.0,0.0,1.0,350.0
PREFLOP,LOW,LOW,0.08333333333333333,0.16666666666666666,0.25,0.0,534.0,508.7168170996512,0.0,0.5833333333333334,782.8571428571429
PREFLOP,LOW,LOW,0.1,0.26666666666666666,0.3333333333333333,0.0,492.5,624.0517807041335,0.0,0.4666666666666667,311.14285714285717
PREFLOP,LOW,LOW,0.1,0.3,0.4,0.0,132.85714285714286,74.48951635396239,0.0,0.5,343.6
PREFLOP,LOW,LOW,0.0,0.0,0.0,0.0,0.0,0.0,0.0,1.0,50.0
PREFLOP,LOW,LOW,0.0,0.0,1.0,0.0,116.66666666666667,62.36095644623236,0.0,0.0,0.0
PREFLOP,LOW,LOW,0.05813953488372093,0.27906976744186046,0.313953488372093,0.023255813953488372,151.35849056603774,213.27900556348706,0.0,0.5813953488372093,153.84
PREFLOP,LOW,LOW,0.033707865168539325,0.1348314606741573,0.14606741573033707,0.02247191011235955,562.2962962962963,1179.2037529329953,0.0,0.7640449438202247,575.75
PREFLOP,LOW,LOW,0.0,0.5,0.0,0.0,80.0,0.0,0.0,1.0,260.0
PREFLOP,LOW,LOW,0.1875,0.25,0.1875,0.125,267.77777777777777,186.50308823298062,0.0,0.3125,162.0
PREFLOP,LOW,LOW,0.03225806451612903,0.1774193548387097,0.41935483870967744,0.0,359.8918918918919,467.1847354567654,0.0,0.5161290322580645,350.6875
PREFLOP,LOW,LOW,0.0,0.05263157894736842,0.2631578947368421,0.0,406.6666666666667,278.4879809894056,0.0,0.7368421052631579,533.9285714285714
PREFLOP,LOW,LOW,0.0,0.0,0.0,1.0,500.0,0.0,0.0,0.0,0.0
PREFLOP,LOW,LOW,0.1111111111111111,0.25925925925925924,0.2962962962962963,0.0,341.6666666666667,377.81045610297855,0.0,0.5185185185185185,717.0
PREFLOP,LOW,LOW,0.25,0.25,0.0,0.0,800.0,0.0,0.0,0.5,1600.0
PREFLOP,LOW,LOW,0.10344827586206896,0.22413793103448276,0.22413793103448276,0.017241379310344827,183.7037037037037,109.19645494471892,0.0,0.5689655172413793,245.9090909090909
PREFLOP,LOW,LOW,0.14285714285714285,0.2857142857142857,0.14285714285714285,0.0,83.33333333333333,70.0528900717694,0.0,0.5714285714285714,359.25
PREFLOP,LOW,LOW,0.0,0.0,0.3333333333333333,0.0,100.0,0.0,0.0,0.6666666666666666,380.0
PREFLOP,LOW,LOW,0.0,0.0,0.0,0.0,0.0,0.0,0.0,1.0,50.0
PREFLOP,LOW,LOW,0.045454545454545456,0.3181818181818182,0.5909090909090909,0.0,260.5,241.4325734030104,0.0,0.3181818181818182,151.57142857142858
PREFLOP,LOW,LOW,0.0,1.0,0.0,0.0,100.0,0.0,0.0,1.0,650.0
PREFLOP,LOW,LOW,0.0,0.2,0.0,0.0,32.5,7.5,0.0,1.0,389.5
PREFLOP,LOW,LOW,0.03676470588235294,0.16911764705882354,0.3014705882352941,0.03676470588235294,732.463768115942,839.8084173500841,0.0,0.6102941176470589,808.6506024096385
PREFLOP,LOW,LOW,0.25,0.25,0.0,0.0,1200.0,0.0,0.0,0.5,300.0
PREFLOP,LOW,LOW,0.0,0.5,0.5,0.0,262.5,295.4075574524118,0.0,0.5,110.0
PREFLOP,LOW,LOW,0.0,1.0,0.0,0.0,50.0,0.0,0.0,1.0,1004.0
PREFLOP,LOW,LOW,0.14285714285714285,0.2857142857142857,0.42857142857142855,0.0,56.0,19.91983935678197,0.0,0.2857142857142857,15.0
PREFLOP,LOW,LOW,0.0,0.0,1.0,0.0,140.0,129.6148139681572,0.0,0.0,0.0
PREFLOP,LOW,LOW,0.05405405405405406,0.2972972972972973,0.34234234234234234,0.036036036036036036,286.2133333333333,465.9216130822707,0.0,0.5495495495495496,582.5573770491803
PREFLOP,LOW,LOW,0.0,0.0,0.0,0.0,0.0,0.0,0.0,1.0,225.0
PREFLOP,LOW,LOW,0.0,0.0,0.3333333333333333,0.3333333333333333,60.0,50.0,0.0,0.3333333333333333,10.0
PREFLOP,LOW,LOW,0.1,0.2,0.05,0.0,260.0,120.0,0.0,0.75,495.8
PREFLOP,LOW,LOW,0.5,0.5,0.0,0.0,800.0,0.0,0.0,0.0,0.0
PREFLOP,LOW,LOW,0.0,0.5,1.0,0.0,53.333333333333336,46.26813958590447,0.0,0.0,0.0
PREFLOP,LOW,LOW,0.0,0.0,1.0,0.0,25.0,15.0,0.0,0.5,350.0
PREFLOP,LOW,LOW,0.0,0.2,0.4,0.0,800.0,879.3937305515279,0.0,0.6,110.0
PREFLOP,LOW,LOW,0.0,0.18181818181818182,0.09090909090909091,0.0,86.66666666666667,51.85449728701349,0.0,0.9090909090909091,430.0
PREFLOP,LOW,LOW,0.0,0.10526315789473684,0.21052631578947367,0.05263157894736842,622.1428571428571,887.5110560638491,0.0,0.7368421052631579,360.0
PREFLOP,LOW,LOW,0.06666666666666667,0.21666666666666667,0.08333333333333333,0.016666666666666666,1340.842105263158,2598.3284335301096,0.0,0.7666666666666667,436.7826086956522
PREFLOP,LOW,LOW,0.0,0.18181818181818182,0.45454545454545453,0.36363636363636365,309.09090909090907,243.6496234210884,0.0,0.18181818181818182,532.5
PREFLOP,LOW,LOW,0.09090909090909091,0.22727272727272727,0.25,0.0,345.6190476190476,596.210586078581,0.0,0.5681818181818182,528.88
PREFLOP,LOW,LOW,0.07692307692307693,0.28846153846153844,0.5,0.0,332.9268292682927,518.7060835132869,0.0,0.36538461538461536,688.7894736842105
PREFLOP,LOW,LOW,0.046511627906976744,0.18604651162790697,0.3953488372093023,0.023255813953488372,405.38461538461536,699.5015095459609,0.0,0.4883720930232558,148.38095238095238
PREFLOP,LOW,LOW,0.1111111111111111,0.3333333333333333,0.2777777777777778,0.0,137.27272727272728,123.41009923031447,0.0,0.5,517.7777777777778
PREFLOP,LOW,LOW,0.10344827586206896,0.3793103448275862,0.41379310344827586,0.034482758620689655,107.29166666666667,175.57292480388261,0.0,0.3448275862068966,168.2
PREFLOP,LOW,LOW,0.062111801242236024,0.22981366459627328,0.17391304347826086,0.031055900621118012,331.4142857142857,385.26694398974246,0.0,0.6956521739130435,472.9017857142857
PREFLOP,LOW,LOW,0.0,0.2,0.5,0.0,390.0,341.76014981270123,0.0,0.5,324.0
PREFLOP,LOW,LOW,0.0,0.0,0.6,0.2,37.5,20.463381929681123,0.0,0.2,40.0
PREFLOP,LOW,LOW,0.09523809523809523,0.3492063492063492,0.42857142857142855,0.0,209.9591836734694,222.83914928435158,0.0,0.38095238095238093,278.0
PREFLOP,LOW,LOW,0.09375,0.3125,0.375,0.09375,154.24,164.91994353625032,0.0,0.34375,242.8181818181818
PREFLOP,LOW,LOW,0.08333333333333333,0.20833333333333334,0.08333333333333333,0.0,208.85714285714286,431.22575311056335,0.0,0.75,290.8333333333333
PREFLOP,LOW,LOW,0.0,0.2,0.2,0.0,100.0,0.0,0.0,1.0,805.0
PREFLOP,LOW,LOW,0.3333333333333333,0.3333333333333333,0.0,0.0,800.0,0.0,0.0,0.3333333333333333,1054.0
PREFLOP,LOW,LOW,0.0625,0.375,0.5625,0.0625,184.5,191.92751724283832,0.0,0.25,110.0
PREFLOP,LOW,LOW,0.0,0.0,0.4,0.2,150.0,141.4213562373095,0.0,0.6,534.6666666666666
PREFLOP,LOW,LOW,0.05421686746987952,0.2319277108433735,0.21084337349397592,0.03614457831325301,509.39622641509436,844.9398791876243,0.0,0.6566265060240963,553.197247706422
PREFLOP,LOW,LOW,0.0,0.14285714285714285,0.37142857142857144,0.02857142857142857,260.57894736842104,309.72548902814736,0.0,0.6,637.5238095238095
PREFLOP,LOW,LOW,0.02531645569620253,0.20253164556962025,0.17721518987341772,0.0379746835443038,447.09090909090907,841.316123365058,0.0,0.7468354430379747,683.8135593220339
PREFLOP,LOW,LOW,0.052980132450331126,0.17218543046357615,0.17218543046357615,0.0,287.4423076923077,480.64389793109837,0.0,0.7284768211920529,696.4545454545455
PREFLOP,LOW,LOW,0.029411764705882353,0.14705882352941177,0.2647058823529412,0.0196078431372549,781.3636363636364,1343.0596462456176,0.0,0.6764705882352942,548.2753623188406
PREFLOP,LOW,LOW,0.058823529411764705,0.20588235294117646,0.17647058823529413,0.0,453.0,480.26987605527984,0.0,0.7058823529411765,780.0
PREFLOP,LOW,LOW,0.14285714285714285,0.35714285714285715,0.14285714285714285,0.0,157.14285714285714,98.38343504648122,0.0,0.5714285714285714,600.0
PREFLOP,LOW,LOW,0.07692307692307693,0.23076923076923078,0.038461538461538464,0.0,192.85714285714286,252.74008589934473,0.0,0.8076923076923077,342.3809523809524
PREFLOP,LOW,LOW,0.0,0.15384615384615385,0.5384615384615384,0.0,483.3333333333333,411.3362746758394,0.0,0.46153846153846156,1397.0
PREFLOP,LOW,LOW,0.0,0.07692307692307693,0.3076923076923077,0.07692307692307693,210.33333333333334,221.8194544452095,0.0,0.6538461538461539,407.52941176470586
PREFLOP,LOW,LOW,0.041666666666666664,0.4166666666666667,0.3333333333333333,0.0,185.55555555555554,295.0743901927096,0.0,0.5833333333333334,265.7142857142857
PREFLOP,LOW,LOW,0.0,0.0,1.0,0.0,40.0,0.0,0.0,0.0,0.0
PREFLOP,LOW,LOW,0.08695652173913043,0.17391304347826086,0.17391304347826086,0.0,141.875,54.219875708774914,0.0,0.6521739130434783,294.46666666666664
PREFLOP,LOW,LOW,0.05263157894736842,0.05263157894736842,0.2631578947368421,0.0,383.3333333333333,548.2294734466176,0.0,0.631578947368421,578.3333333333334
PREFLOP,LOW,LOW,0.0,1.0,0.0,1.0,4.0,2.8284271247461903,0.0,0.0,0.0
PREFLOP,LOW,LOW,0.0,0.2,0.2,0.1,60.0,65.83616027685697,0.0,0.7,1067.857142857143
PREFLOP,LOW,LOW,0.07692307692307693,0.15384615384615385,0.46153846153846156,0.0,193.75,263.3079085168161,0.0,0.46153846153846156,238.5
PREFLOP,LOW,LOW,0.125,0.30357142857142855,0.14285714285714285,0.03571428571428571,219.25925925925927,226.39172001786744,0.0,0.5714285714285714,262.96875
PREFLOP,LOW,LOW,0.07926829268292683,0.2621951219512195,0.3597560975609756,0.04878048780487805,535.2272727272727,903.0825656803269,0.0,0.4329268292682927,448.9718309859155
PREFLOP,LOW,LOW,0.1,0.1,0.1,0.2,437.5,469.5409992748237,0.0,0.5,177.0
PREFLOP,LOW,LOW,0.0,0.0,1.0,1.0,670.0,473.76154339498686,0.0,0.0,0.0
PREFLOP,LOW,LOW,0.0,0.2857142857142857,0.5714285714285714,0.0,344.1666666666667,248.20000149222548,0.0,0.42857142857142855,618.3333333333334
PREFLOP,LOW,LOW,0.0,0.14285714285714285,0.19047619047619047,0.0,771.4285714285714,953.4959459538552,0.0,0.8095238095238095,841.1764705882352
PREFLOP,LOW,LOW,0.0,0.125,0.0,0.0,40.0,0.0,0.0,1.0,232.5
PREFLOP,LOW,LOW,0.0,0.0,0.0,0.0,0.0,0.0,0.0,1.0,400.0
PREFLOP,LOW,LOW,0.09523809523809523,0.2857142857142857,0.3333333333333333,0.23809523809523808,295.22222222222223,286.0148081962621,0.0,0.2857142857142857,450.0
PREFLOP,LOW,LOW,0.036585365853658534,0.23170731707317074,0.2926829268292683,0.036585365853658534,663.1521739130435,1211.2064436965627,0.0,0.5975609756097561,528.0612244897959
PREFLOP,LOW,LOW,0.10344827586206896,0.13793103448275862,0.2413793103448276,0.017241379310344827,246.95652173913044,253.16362720947714,0.0,0.5344827586206896,288.0967741935484
PREFLOP,LOW,LOW,0.06923076923076923,0.2153846153846154,0.23076923076923078,0.038461538461538464,681.3968253968254,2020.6941167197701,0.0,0.6076923076923076,516.4556962025316
PREFLOP,LOW,LOW,0.25,0.5,0.0,0.0,60.0,20.0,0.0,0.5,164.0
PREFLOP,LOW,LOW,0.0,0.0,0.25,0.0,100.0,0.0,0.0,0.75,1083.3333333333333
PREFLOP,LOW,LOW,0.0,0.0,0.0,0.0,0.0,0.0,0.0,1.0,260.0
PREFLOP,LOW,LOW,0.05,0.15,0.5,0.0,215.0,344.0091680352541,0.0,0.45,258.3333333333333
PREFLOP,LOW,LOW,0.14814814814814814,0.25925925925925924,0.14814814814814814,0.0,41.36363636363637,74.92574836860183,0.0,0.5555555555555556,193.93333333333334
PREFLOP,LOW,LOW,0.0,0.09090909090909091,0.0,0.0,100.0,0.0,0.0,1.0,1061.3636363636363
PREFLOP,LOW,LOW,0.0,0.25,0.25,0.0,100.0,70.71067811865476,0.0,0.75,475.0
PREFLOP,LOW,LOW,0.0,0.75,0.5,0.5,107.0,96.49722423839084,0.0,0.25,800.0
PREFLOP,LOW,LOW,0.0,0.0,0.0,0.0,0.0,0.0,0.0,1.0,1175.0
PREFLOP,LOW,LOW,0.0,0.2222222222222222,0.5555555555555556,0.2222222222222222,325.55555555555554,302.8841697774634,0.0,0.2222222222222222,950.0
PREFLOP,LOW,LOW,0.0,0.6666666666666666,0.3333333333333333,0.0,750.0,929.605651158956,0.0,0.6666666666666666,925.0
PREFLOP,LOW,LOW,0.07042253521126761,0.14084507042253522,0.09859154929577464,0.014084507042253521,441.94444444444446,793.6163454759386,0.0,0.7464788732394366,490.77358490566036
PREFLOP,LOW,LOW,0.05,0.3,0.6,0.0,285.27777777777777,217.60138871109862,0.0,0.3,241.16666666666666
PREFLOP,LOW,LOW,0.2,0.3333333333333333,0.0,0.0,235.0,288.79058156387305,0.0,0.6,297.22222222222223
PREFLOP,LOW,LOW,0.0,0.0,0.0,0.0,0.0,0.0,0.0,1.0,149.33333333333334
PREFLOP,LOW,LOW,0.0,1.0,0.0,1.0,287.5,203.2931995911324,0.0,0.0,0.0
PREFLOP,LOW,LOW,0.125,0.1875,0.125,0.0,470.0,243.7621791829077,0.0,0.625,515.0
PREFLOP,LOW,LOW,0.2857142857142857,0.2857142857142857,0.2857142857142857,0.0,325.0,277.2634126602354,0.0,0.14285714285714285,400.0
PREFLOP,LOW,LOW,0.0,0.0,0.0,0.0,0.0,0.0,0.0,1.0,50.0
PREFLOP,LOW,LOW,0.1276595744680851,0.3191489361702128,0.23404255319148937,0.06382978723404255,339.0,876.1855023239991,0.0,0.44680851063829785,264.95238095238096
PREFLOP,LOW,LOW,0.0,0.0,0.25,0.25,1450.0,1350.0,0.0,0.5,75.0
PREFLOP,LOW,LOW,0.25,0.25,0.125,0.0,316.6666666666667,277.8888666755511,0.0,0.375,100.0
PREFLOP,LOW,LOW,0.10810810810810811,0.32432432432432434,0.24324324324324326,0.0,446.42857142857144,488.81602661095314,0.0,0.5405405405405406,507.8
PREFLOP,LOW,LOW,0.14285714285714285,0.14285714285714285,0.42857142857142855,0.0,212.5,124.3734296383275,0.0,0.2857142857142857,50.0
PREFLOP,LOW,LOW,0.0,0.0,0.3333333333333333,0.0,112.5,62.5,0.0,0.8333333333333334,1080.0
PREFLOP,LOW,LOW,0.06944444444444445,0.23333333333333334,0.2361111111111111,0.011111111111111112,474.46820809248555,687.8470397980084,0.0,0.625,599.9155555555556
PREFLOP,LOW,LOW,0.09090909090909091,0.18181818181818182,0.09090909090909091,0.045454545454545456,120.14285714285714,119.0957304142993,0.0,0.6818181818181818,380.0
PREFLOP,LOW,LOW,0.05714285714285714,0.2,0.34285714285714286,0.0,909.578947368421,1409.4187899831836,0.0,0.5428571428571428,733.2105263157895
PREFLOP,LOW,LOW,0.0,0.2345679012345679,0.4074074074074074,0.012345679012345678,241.58490566037736,346.00697092468795,0.0,0.5925925925925926,329.0
PREFLOP,LOW,LOW,0.07142857142857142,0.21428571428571427,0.07142857142857142,0.0,675.0,562.9165124598851,0.0,0.7857142857142857,2398.181818181818
PREFLOP,LOW,LOW,0.14285714285714285,0.2857142857142857,0.21428571428571427,0.0,507.14285714285717,445.25355569941695,0.0,0.5,344.42857142857144
PREFLOP,LOW,LOW,0.0,0.2857142857142857,0.7142857142857143,0.0,48.57142857142857,41.34756330491126,0.0,0.2857142857142857,45.0
PREFLOP,LOW,LOW,0.0,0.26666666666666666,0.3333333333333333,0.06666666666666667,259.5,268.25393752934923,0.0,0.6,533.3333333333334
PREFLOP,LOW,LOW,0.0,1.0,1.0,0.0,20.0,14.142135623730951,0.0,0.0,0.0
PREFLOP,LOW,LOW,0.0,0.16666666666666666,0.16666666666666666,0.0,325.0,229.80970388562795,0.0,0.8333333333333334,185.0
PREFLOP,LOW,LOW,0.2,0.6,0.4,0.0,272.0,282.74087076331926,0.0,0.2,100.0
PREFLOP,LOW,LOW,0.08333333333333333,0.2916666666666667,0.375,0.041666666666666664,145.2941176470588,135.12129777709214,0.0,0.4166666666666667,218.5
PREFLOP,LOW,LOW,0.0,0.3333333333333333,0.3333333333333333,0.0,137.5,97.22718241315029,0.0,0.6666666666666666,225.0
PREFLOP,LOW,LOW,0.0,0.125,0.25,0.0,181.66666666666666,83.693665409215,0.0,0.75,453.3333333333333
PREFLOP,LOW,LOW,0.25,0.25,0.25,0.0,1600.0,1200.0,0.0,0.25,750.0
PREFLOP,LOW,LOW,0.0,0.25,0.0,0.0,100.0,0.0,0.0,1.0,575.0
PREFLOP,LOW,LOW,0.058823529411764705,0.17647058823529413,0.35294117647058826,0.11764705882352941,285.09090909090907,355.18684832090173,0.0,0.4411764705882353,650.4666666666667
PREFLOP,LOW,LOW,0.0,0.42857142857142855,0.14285714285714285,0.14285714285714285,5.8,4.963063570013989,0.0,0.7142857142857143,23.8
PREFLOP,LOW,LOW,0.0,0.2727272727272727,0.09090909090909091,0.2727272727272727,325.0,385.91264740685995,0.0,0.6363636363636364,525.0
PREFLOP,LOW,LOW,0.0625,0.125,0.1875,0.0,250.0,239.79157616563597,0.0,0.6875,834.0909090909091
PREFLOP,LOW,LOW,0.0625,0.20833333333333334,0.1875,0.041666666666666664,241.28571428571428,364.3409121846533,0.0,0.6666666666666666,768.4375
PREFLOP,LOW,LOW,0.0,0.0,0.0,0.0,0.0,0.0,0.0,1.0,705.6666666666666
PREFLOP,LOW,LOW,0.14285714285714285,0.2857142857142857,0.2857142857142857,0.0,570.0,726.102609828666,0.0,0.42857142857142855,193.33333333333334
PREFLOP,LOW,LOW,0.1,0.3,0.2,0.0,311.2,239.29130364474176,0.0,0.6,254.16666666666666
PREFLOP,LOW,LOW,0.0,0.25,0.3333333333333333,0.16666666666666666,242.22222222222223,231.80747415785757,0.0,0.5,200.83333333333334
PREFLOP,LOW,LOW,0.125,0.25,0.25,0.0,190.25,217.5724376500847,0.0,0.5,270.8333333333333
PREFLOP,LOW,LOW,0.18181818181818182,0.45454545454545453,0.3181818181818182,0.0,130.0,119.85285095629949,0.0,0.3181818181818182,134.28571428571428
PREFLOP,LOW,LOW,0.0851063829787234,0.2765957446808511,0.44680851063829785,0.0425531914893617,524.9722222222222,762.9472149242246,0.0,0.3404255319148936,1044.4375
PREFLOP,LOW,LOW,0.14285714285714285,0.14285714285714285,0.2857142857142857,0.0,490.0,558.7486017879597,0.0,0.42857142857142855,438.3333333333333
PREFLOP,LOW,LOW,0.0,0.2,0.2,0.0,475.0,300.7802353878991,0.0,0.8,964.0
PREFLOP,LOW,LOW,0.0,0.43243243243243246,0.4594594594594595,0.05405405405405406,396.51428571428573,840.4231069629161,0.0,0.4864864864864865,749.1666666666666
PREFLOP,LOW,LOW,0.047619047619047616,0.3333333333333333,0.42857142857142855,0.14285714285714285,453.6842105263158,705.5798633590537,0.0,0.38095238095238093,327.5
PREFLOP,LOW,LOW,0.0,0.0,0.4,0.0,300.0,100.0,0.0,0.6,1775.0
PREFLOP,LOW,LOW,0.0,0.25,0.0,0.0,400.0,0.0,0.0,1.0,437.5
PREFLOP,LOW,LOW,0.0,1.0,1.0,0.0,60.0,42.42640687119285,0.0,0.0,0.0
PREFLOP,LOW,LOW,0.0379746835443038,0.17721518987341772,0.20253164556962025,0.02531645569620253,465.5,618.3990355648205,0.0,0.7088607594936709,659.5714285714286
PREFLOP,LOW,LOW,0.04,0.24,0.44,0.0,317.3529411764706,265.46898846907715,0.0,0.48,182.16666666666666
PREFLOP,LOW,LOW,0.0,0.16666666666666666,0.16666666666666666,0.0,140.0,60.0,0.0,0.8333333333333334,1145.0
PREFLOP,LOW,LOW,0.045454545454545456,0.22727272727272727,0.18181818181818182,0.0,885.5555555555555,1156.421921189648,0.0,0.7272727272727273,658.4375
PREFLOP,LOW,LOW,0.11,0.22,0.12,0.01,245.14285714285714,327.00367772826866,0.0,0.65,508.84615384615387
PREFLOP,LOW,LOW,0.0,0.1,0.1,0.05,350.0,505.47007824400447,0.0,0.85,880.8823529411765
PREFLOP,LOW,LOW,0.0273972602739726,0.2465753424657534,0.3972602739726027,0.0410958904109589,218.18,283.21882815942865,0.0,0.5753424657534246,584.7142857142857
PREFLOP,LOW,LOW,0.07142857142857142,0.21428571428571427,0.14285714285714285,0.07142857142857142,380.1666666666667,260.30349096277484,0.0,0.6428571428571429,427.77777777777777
PREFLOP,LOW,LOW,0.0,0.2,0.2,0.0,120.0,84.8528137423857,0.0,0.8,120.0
PREFLOP,LOW,LOW,0.03333333333333333,0.1,0.16666666666666666,0.0,875.625,1124.681725811796,0.0,0.8,1308.75
PREFLOP,LOW,LOW,0.05405405405405406,0.32432432432432434,0.4774774774774775,0.009009009009009009,257.24444444444447,325.917172727578,0.0,0.40540540540540543,379.9555555555556
PREFLOP,LOW,LOW,0.0,0.0,0.0,0.0,0.0,0.0,0.0,1.0,175.0
PREFLOP,LOW,LOW,0.034482758620689655,0.25,0.603448275862069,0.017241379310344827,276.26732673267327,359.17984350927145,0.0,0.31896551724137934,384.7027027027027
PREFLOP,LOW,LOW,0.06666666666666667,0.2,0.26666666666666666,0.0,403.57142857142856,284.7720432522754,0.0,0.6,661.1111111111111
PREFLOP,LOW,LOW,0.0,0.0,0.0,0.0,0.0,0.0,0.0,1.0,100.0
PREFLOP,LOW,LOW,0.0,0.0,0.0,0.0,0.0,0.0,0.0,1.0,293.75
PREFLOP,LOW,LOW,0.2,0.2,0.2,0.0,300.0,100.0,0.0,0.4,1768.5
PREFLOP,LOW,LOW,0.1,0.3,0.32,0.02,344.90625,402.5705089533448,0.0,0.46,520.5217391304348
PREFLOP,LOW,LOW,0.2222222222222222,0.2222222222222222,0.1111111111111111,0.0,113.33333333333333,33.9934634239519,0.0,0.4444444444444444,141.25
PREFLOP,LOW,LOW,0.10344827586206896,0.3103448275862069,0.4827586206896552,0.0,181.56521739130434,189.90156941317585,0.0,0.3793103448275862,204.0909090909091
PREFLOP,LOW,LOW,0.14285714285714285,0.42857142857142855,0.2857142857142857,0.0,170.0,160.68602926203636,0.0,0.42857142857142855,100.0
PREFLOP,LOW,LOW,0.0,0.5,1.0,0.0,65.0,61.16916434500856,0.0,0.0,0.0
PREFLOP,LOW,LOW,0.0,0.2222222222222222,0.1111111111111111,0.1111111111111111,171.75,127.84817656110704,0.0,0.7777777777777778,503.57142857142856
PREFLOP,LOW,LOW,0.2,0.2,0.0,0.0,1200.0,400.0,0.0,0.6,711.3333333333334
PREFLOP,LOW,LOW,0.08333333333333333,0.08333333333333333,0.0,0.08333333333333333,600.0,500.0,0.0,0.75,371.6666666666667
PREFLOP,LOW,LOW,0.06818181818181818,0.11363636363636363,0.1590909090909091,0.045454545454545456,604.6428571428571,870.1897664255979,0.0,0.6818181818181818,755.6666666666666
PREFLOP,LOW,LOW,0.0,0.16666666666666666,0.0,0.16666666666666666,375.0,325.0,0.0,0.8333333333333334,155.0
PREFLOP,LOW,LOW,0.0,0.3333333333333333,0.3333333333333333,0.0,100.0,0.0,0.0,1.0,416.6666666666667
PREFLOP,LOW,LOW,0.072992700729927,0.20437956204379562,0.145985401459854,0.0072992700729927005,290.57142857142856,399.2755799628692,0.0,0.708029197080292,650.9072164948453
PREFLOP,LOW,LOW,0.18181818181818182,0.18181818181818182,0.45454545454545453,0.0,521.4285714285714,492.7018388851581,0.0,0.18181818181818182,375.0
PREFLOP,LOW,LOW,0.0,0.0,0.0,0.0,0.0,0.0,0.0,1.0,583.3333333333334
PREFLOP,LOW,LOW,0.0,0.3125,0.625,0.0,129.33333333333334,164.2473293091403,0.0,0.4375,227.14285714285714
PREFLOP,LOW,LOW,0.0,0.5714285714285714,0.5714285714285714,0.0,204.25,189.92408022681062,0.0,0.42857142857142855,218.33333333333334
PREFLOP,LOW,LOW,0.0,0.08333333333333333,0.16666666666666666,0.0,421.6666666666667,543.0286296251724,0.0,0.8333333333333334,533.35
PREFLOP,LOW,LOW,0.046153846153846156,0.2153846153846154,0.18461538461538463,0.015384615384615385,343.9259259259259,419.8538406069881,0.0,0.7076923076923077,557.1739130434783
PREFLOP,LOW,LOW,0.0,0.0,0.5,0.5,1450.0,150.0,0.0,0.0,0.0
PREFLOP,LOW,LOW,0.0,0.45454545454545453,0.45454545454545453,0.0,229.1,206.36512786805818,0.0,0.5454545454545454,291.6666666666667
PREFLOP,LOW,LOW,0.03571428571428571,0.10714285714285714,0.10714285714285714,0.0,633.3333333333334,1149.6472889059883,0.0,0.8214285714285714,323.30434782608694
PREFLOP,LOW,LOW,0.0,0.19230769230769232,0.3076923076923077,0.07692307692307693,926.0,2220.2117916991615,0.0,0.6538461538461539,362.6470588235294
PREFLOP,LOW,LOW,0.041666666666666664,0.16666666666666666,0.3333333333333333,0.041666666666666664,357.6923076923077,400.8014274566044,0.0,0.5416666666666666,442.3076923076923
PREFLOP,LOW,LOW,0.03571428571428571,0.21428571428571427,0.25,0.0,853.8461538461538,744.4744108323403,0.0,0.6785714285714286,494.7368421052632
PREFLOP,LOW,LOW,0.0,0.0,0.0,0.0,0.0,0.0,0.0,1.0,1516.6666666666667
PREFLOP,LOW,LOW,0.16666666666666666,0.25,0.16666666666666666,0.08333333333333333,726.6666666666666,295.8853631867385,0.0,0.4166666666666667,680.0
PREFLOP,LOW,LOW,0.04678362573099415,0.21052631578947367,0.3684210526315789,0.029239766081871343,580.5096153846154,841.8376873974917,0.0,0.5321637426900585,576.3516483516484
PREFLOP,LOW,LOW,0.0,0.0,0.0,0.5,275.0,0.0,0.0,0.5,10.0
PREFLOP,LOW,LOW,0.21428571428571427,0.21428571428571427,0.0,0.0,293.3333333333333,247.29649321321878,0.0,0.5714285714285714,183.75
PREFLOP,LOW,LOW,0.0,0.0,0.0,0.0,0.0,0.0,0.0,1.0,120.0
PREFLOP,LOW,LOW,0.0,0.0,0.5,0.0,200.0,0.0,0.0,0.5,100.0
PREFLOP,LOW,LOW,0.08387096774193549,0.2129032258064516,0.25806451612903225,0.012903225806451613,451.0,610.9707357967319,0.0,0.567741935483871,385.375
PREFLOP,LOW,LOW,0.0,0.0,0.0,0.25,700.0,0.0,0.0,0.75,800.0
PREFLOP,LOW,LOW,0.14285714285714285,0.2857142857142857,0.14285714285714285,0.0,243.33333333333334,280.5153986662566,0.0,0.7142857142857143,226.0
PREFLOP,LOW,LOW,0.0,0.25,0.25,0.0,75.0,25.0,0.0,0.75,241.66666666666666
PREFLOP,LOW,LOW,0.09090909090909091,0.4090909090909091,0.4090909090909091,0.045454545454545456,477.3157894736842,521.7633848229913,0.0,0.36363636363636365,1106.25
PREFLOP,LOW,LOW,0.08695652173913043,0.2608695652173913,0.2391304347826087,0.0,515.7391304347826,612.0375763825692,0.0,0.5869565217391305,859.5925925925926
PREFLOP,LOW,LOW,0.0,0.15384615384615385,0.07692307692307693,0.0,250.0,175.5942292142123,0.0,0.9230769230769231,358.3333333333333
PREFLOP,LOW,LOW,0.0967741935483871,0.22580645161290322,0.22580645161290322,0.06451612903225806,309.375,451.31440524629005,0.0,0.5161290322580645,597.8125
PREFLOP,LOW,LOW,0.0718954248366013,0.19607843137254902,0.20261437908496732,0.026143790849673203,323.6923076923077,612.813460202211,0.0,0.6274509803921569,443.2395833333333
PREFLOP,LOW,LOW,0.1111111111111111,0.3333333333333333,0.4444444444444444,0.0,296.42857142857144,219.63144984480917,0.0,0.4444444444444444,762.5
PREFLOP,LOW,LOW,0.0,0.16666666666666666,0.6666666666666666,0.0,960.0,542.5863986500215,0.0,0.3333333333333333,800.0
PREFLOP,LOW,LOW,0.0,0.0,0.0,0.0,0.0,0.0,0.0,1.0,250.0
PREFLOP,LOW,LOW,0.0,0.0,0.25,0.0,400.0,0.0,0.0,0.75,825.0
PREFLOP,LOW,LOW,0.07142857142857142,0.21428571428571427,0.07142857142857142,0.07142857142857142,102.8,70.29788048013965,0.0,0.7142857142857143,172.7
PREFLOP,LOW,LOW,0.0,0.28,0.28,0.0,250.0,233.37584646720774,0.0,0.72,290.27777777777777
PREFLOP,LOW,LOW,0.0,0.0,0.3333333333333333,0.0,100.0,0.0,0.0,0.6666666666666666,375.0
PREFLOP,LOW,LOW,0.0,0.25,0.25,0.0,237.5,250.23426523959503,0.0,0.75,327.5
PREFLOP,LOW,LOW,0.0,0.1,0.1,0.2,1150.0,511.737237261468,0.0,0.7,2936.5714285714284
PREFLOP,LOW,LOW,0.0,0.16666666666666666,0.5,0.16666666666666666,36.0,35.84410690755176,0.0,0.3333333333333333,47.5
PREFLOP,LOW,LOW,0.07643312101910828,0.1910828025477707,0.12101910828025478,0.08280254777070063,616.0483870967741,1088.1994206352344,0.0,0.6496815286624203,503.7156862745098
PREFLOP,LOW,LOW,0.1,0.2,0.5,0.0,167.85714285714286,107.04927886238313,0.0,0.4,287.5
PREFLOP,LOW,LOW,0.0,0.5714285714285714,0.5714285714285714,0.0,280.0,389.98846136776916,0.0,0.42857142857142855,475.0
PREFLOP,LOW,LOW,0.0,0.3,0.5,0.0,121.875,135.71263729614498,0.0,0.5,246.0
PREFLOP,LOW,LOW,0.043478260869565216,0.08695652173913043,0.08695652173913043,0.0,950.0,554.5268253204708,0.0,0.8260869565217391,812.5263157894736
PREFLOP,LOW,LOW,0.16666666666666666,0.16666666666666666,0.16666666666666666,0.0,250.0,150.0,0.0,0.5,133.33333333333334
PREFLOP,LOW,LOW,0.05454545454545454,0.2545454545454545,0.09090909090909091,0.05454545454545454,291.59090909090907,370.904517447699,0.0,0.7454545454545455,411.3170731707317
PREFLOP,LOW,LOW,0.0,0.3333333333333333,0.3333333333333333,0.05555555555555555,668.4615384615385,893.301858946396,0.0,0.6111111111111112,667.7272727272727
PREFLOP,LOW,LOW,0.0,0.0,0.0,1.0,350.0,0.0,0.0,0.0,0.0
PREFLOP,LOW,LOW,0.0,0.75,0.75,0.0,248.91666666666666,212.74855697600012,0.0,0.25,60.0
PREFLOP,LOW,LOW,0.12121212121212122,0.24242424242424243,0.09090909090909091,0.0,186.36363636363637,123.80032880599238,0.0,0.6666666666666666,216.5909090909091
PREFLOP,LOW,LOW,0.043478260869565216,0.21739130434782608,0.17391304347826086,0.043478260869565216,160.0,182.59244234085924,0.0,0.6956521739130435,205.4375
PREFLOP,LOW,LOW,0.1111111111111111,0.2222222222222222,0.0,0.1111111111111111,916.6666666666666,516.9354139756941,0.0,0.7777777777777778,1691.0
PREFLOP,LOW,LOW,0.0,0.2,0.13333333333333333,0.0,345.0,423.4324031058558,0.0,0.8666666666666667,334.6923076923077
PREFLOP,LOW,LOW,0.0,0.25,0.25,0.0,200.0,141.4213562373095,0.0,0.75,66.66666666666667
PREFLOP,LOW,LOW,0.0,0.25,0.25,0.0,37.5,12.5,0.0,0.75,175.0
PREFLOP,LOW,LOW,0.16666666666666666,0.16666666666666666,0.0,0.16666666666666666,1500.0,700.0,0.0,0.5,110.0
PREFLOP,LOW,LOW,0.027777777777777776,0.19444444444444445,0.3611111111111111,0.027777777777777776,425.42857142857144,893.0795249589337,0.0,0.5555555555555556,268.5
PREFLOP,LOW,LOW,0.14285714285714285,0.2857142857142857,0.21428571428571427,0.07142857142857142,85.625,175.07448191769697,0.0,0.42857142857142855,136.66666666666666
PREFLOP,LOW,LOW,0.05263157894736842,0.18421052631578946,0.39473684210526316,0.02631578947368421,497.17391304347825,475.3577876722431,0.0,0.47368421052631576,453.8888888888889
PREFLOP,LOW,LOW,0.0,0.4,0.4,0.0,750.0,725.4309064273455,0.0,0.6,516.6666666666666
PREFLOP,LOW,LOW,0.08333333333333333,0.16666666666666666,0.08333333333333333,0.08333333333333333,55.75,78.62678853291669,0.0,0.6666666666666666,39.375
PREFLOP,LOW,LOW,0.16666666666666666,0.16666666666666666,0.16666666666666666,0.0,75.0,25.0,0.0,0.5,141.66666666666666
PREFLOP,LOW,LOW,0.07692307692307693,0.3076923076923077,0.3076923076923077,0.0,235.625,251.12607718161212,0.0,0.5384615384615384,339.2857142857143
PREFLOP,LOW,LOW,0.0,0.0,0.0,0.0,0.0,0.0,0.0,1.0,1333.3333333333333
PREFLOP,LOW,LOW,0.0,0.0,0.5,0.0,125.0,75.0,0.0,0.75,675.6666666666666
PREFLOP,LOW,LOW,0.08333333333333333,0.25,0.2777777777777778,0.05555555555555555,557.1428571428571,844.1388847542391,0.0,0.5,421.44444444444446
PREFLOP,LOW,LOW,0.08695652173913043,0.17391304347826086,0.2608695652173913,0.08695652173913043,216.66666666666666,252.1206354402884,0.0,0.5217391304347826,793.6666666666666
PREFLOP,LOW,LOW,0.11764705882352941,0.23529411764705882,0.29411764705882354,0.0,622.2222222222222,499.02511269487945,0.0,0.47058823529411764,562.5
PREFLOP,LOW,LOW,0.10294117647058823,0.20588235294117646,0.2647058823529412,0.11764705882352941,366.85,502.9622908951524,0.0,0.45588235294117646,550.3225806451613
PREFLOP,LOW,LOW,0.07947019867549669,0.304635761589404,0.48344370860927155,0.0,424.83193277310926,712.6452164233543,0.0,0.3708609271523179,564.7857142857143
PREFLOP,LOW,LOW,0.07142857142857142,0.2857142857142857,0.21428571428571427,0.07142857142857142,1795.5,3084.650572795888,0.0,0.5714285714285714,581.0
PREFLOP,LOW,LOW,0.047619047619047616,0.19047619047619047,0.09523809523809523,0.09523809523809523,461.875,704.9946669789425,0.0,0.7619047619047619,502.1875
PREFLOP,LOW,LOW,0.0,0.0,0.25,0.0,160.0,0.0,0.0,0.75,113.33333333333333
PREFLOP,LOW,LOW,0.0,0.16666666666666666,0.08333333333333333,0.08333333333333333,209.5,115.64925421290013,0.0,0.8333333333333334,455.8
PREFLOP,LOW,LOW,0.05555555555555555,0.16666666666666666,0.2222222222222222,0.0,871.4285714285714,812.0089904570578,0.0,0.6666666666666666,720.8333333333334
PREFLOP,LOW,LOW,0.046153846153846156,0.15384615384615385,0.2,0.015384615384615385,345.125,492.97471041034817,0.0,0.7076923076923077,494.5652173913044
PREFLOP,LOW,LOW,0.0,0.1,0.4,0.1,284.0,267.9626839692423,0.0,0.5,68.4
PREFLOP,LOW,LOW,0.0,0.14285714285714285,0.14285714285714285,0.0,10.0,0.0,0.0,1.0,120.71428571428571
PREFLOP,LOW,LOW,0.4,0.4,0.0,0.0,60.0,20.0,0.0,0.2,2050.0
PREFLOP,LOW,LOW,0.0,0.0,0.6666666666666666,0.0,783.3333333333334,323.6081306491266,0.0,0.3333333333333333,483.3333333333333
PREFLOP,LOW,LOW,0.1111111111111111,0.2222222222222222,0.05555555555555555,0.1111111111111111,373.57142857142856,370.1805957494095,0.0,0.6111111111111112,360.8181818181818
PREFLOP,LOW,LOW,0.0,0.0,0.0,0.5,333.3333333333333,102.74023338281629,0.0,0.5,283.3333333333333
PREFLOP,LOW,LOW,0.25,0.25,0.0,0.0,400.0,0.0,0.0,0.5,625.0
PREFLOP,LOW,LOW,0.0,0.2,0.0,0.0,150.0,0.0,0.0,1.0,185.0
PREFLOP,LOW,LOW,0.0,0.0,0.2,0.0,160.0,0.0,0.0,0.8,520.0
PREFLOP,LOW,LOW,0.0,0.07692307692307693,0.23076923076923078,0.07692307692307693,320.0,310.03225638633154,0.0,0.6923076923076923,302.77777777777777
PREFLOP,LOW,LOW,0.0,0.0,0.0,0.0,0.0,0.0,0.0,1.0,275.0
PREFLOP,LOW,LOW,0.125,0.125,0.125,0.0625,998.0,1271.6194399268988,0.0,0.5625,863.3333333333334
PREFLOP,LOW,LOW,0.06382978723404255,0.2127659574468085,0.2127659574468085,0.0425531914893617,193.3181818181818,236.38596862871947,0.0,0.6170212765957447,233.9655172413793
PREFLOP,LOW,LOW,0.047619047619047616,0.2857142857142857,0.30952380952380953,0.07142857142857142,485.0,524.0680503795012,0.0,0.5238095238095238,684.6818181818181
PREFLOP,LOW,LOW,0.0,0.0,0.0,0.0,0.0,0.0,0.0,1.0,275.0
PREFLOP,LOW,LOW,0.0,1.0,1.0,0.0,50.0,35.35533905932738,0.0,0.0,0.0
PREFLOP,LOW,LOW,0.0,0.0,0.16666666666666666,0.16666666666666666,775.0,548.0077554195743,0.0,0.8333333333333334,808.0
PREFLOP,LOW,LOW,0.0,0.0,0.2857142857142857,0.2857142857142857,362.5,221.17583502724705,0.0,0.42857142857142855,348.3333333333333
PREFLOP,LOW,LOW,0.0,0.16666666666666666,0.16666666666666666,0.0,800.0,565.685424949238,0.0,0.8333333333333334,590.0
PREFLOP,LOW,LOW,0.0,0.14285714285714285,0.2857142857142857,0.0,833.3333333333334,500.7401928552777,0.0,0.7142857142857143,1040.0
PREFLOP,LOW,LOW,0.0,0.2857142857142857,0.8571428571428571,0.0,256.25,203.3652425440493,0.0,0.2857142857142857,325.0
PREFLOP,LOW,LOW,0.16666666666666666,0.3333333333333333,0.0,0.0,400.0,240.0,0.0,0.5,66.66666666666667
PREFLOP,LOW,LOW,0.10256410256410256,0.2564102564102564,0.15384615384615385,0.02564102564102564,929.4117647058823,1416.52680471622,0.0,0.6153846153846154,707.5833333333334
PREFLOP,LOW,LOW,0.07142857142857142,0.25,0.21428571428571427,0.07142857142857142,949.5333333333333,1592.0424518814164,0.0,0.6071428571428571,651.8823529411765
PREFLOP,LOW,LOW,0.0,0.1,0.2,0.0,86.66666666666667,54.023314582858745,0.0,0.8,925.0
PREFLOP,LOW,LOW,0.09259259259259259,0.2654320987654321,0.1111111111111111,0.012345679012345678,303.42857142857144,359.045649501085,0.0,0.691358024691358,428.4375
PREFLOP,LOW,LOW,0.0,0.25,0.5,0.0,323.3333333333333,378.9116969348849,0.0,0.75,1750.6666666666667
PREFLOP,LOW,LOW,0.0,0.5,0.5,0.0,275.0,194.45436482630058,0.0,0.5,100.0
PREFLOP,LOW,LOW,0.125,0.28125,0.125,0.03125,154.28571428571428,211.57244828813504,0.0,0.625,398.8
PREFLOP,LOW,LOW,0.0,0.2857142857142857,0.42857142857142855,0.0,500.0,493.9635614091388,0.0,0.5714285714285714,212.5
PREFLOP,LOW,LOW,0.07894736842105263,0.10526315789473684,0.34210526315789475,0.07894736842105263,393.25,425.6009060728137,0.0,0.47368421052631576,479.05555555555554
PREFLOP,LOW,LOW,0.058823529411764705,0.17647058823529413,0.17647058823529413,0.058823529411764705,417.14285714285717,456.9974258464929,0.0,0.6470588235294118,684.5454545454545
PREFLOP,LOW,LOW,0.009174311926605505,0.1834862385321101,0.28440366972477066,0.027522935779816515,573.8703703703703,1500.9893679561224,0.0,0.6880733944954128,877.4133333333333
PREFLOP,LOW,LOW,0.0,0.0,0.0,0.25,360.0,0.0,0.0,0.75,746.6666666666666
PREFLOP,LOW,LOW,0.0,0.0,0.0,0.0,0.0,0.0,0.0,1.0,162.5
PREFLOP,LOW,LOW,0.058823529411764705,0.17647058823529413,0.22058823529411764,0.07352941176470588,246.8125,348.48073897914804,0.0,0.6323529411764706,520.046511627907
PREFLOP,LOW,LOW,0.0,0.0,0.0,0.0,0.0,0.0,0.0,1.0,616.6666666666666
PREFLOP,LOW,LOW,0.1,0.2,0.3,0.1,366.6666666666667,294.30394970984474,0.0,0.4,300.0
PREFLOP,LOW,LOW,0.0,0.0,1.0,0.0,450.0,0.0,0.0,0.0,0.0
PREFLOP,LOW,LOW,0.07079646017699115,0.22123893805309736,0.2831858407079646,0.017699115044247787,277.8474576271187,370.19417490519504,0.0,0.5663716814159292,624.421875
PREFLOP,LOW,LOW,0.020833333333333332,0.16666666666666666,0.1875,0.14583333333333334,721.7916666666666,1483.6269172198988,0.0,0.6458333333333334,665.1612903225806
PREFLOP,LOW,LOW,0.0,0.0,0.0,0.0,0.0,0.0,0.0,1.0,208.33333333333334
PREFLOP,LOW,LOW,0.06666666666666667,0.13333333333333333,0.6,0.0,830.6363636363636,777.6823245363871,0.0,0.26666666666666666,450.0
PREFLOP,LOW,LOW,0.1111111111111111,0.2222222222222222,0.1111111111111111,0.0,533.3333333333334,217.7324215807269,0.0,0.6666666666666666,1420.8333333333333
PREFLOP,LOW,LOW,0.21428571428571427,0.21428571428571427,0.2857142857142857,0.07142857142857142,312.5,189.9835519196333,0.0,0.21428571428571427,116.66666666666667
PREFLOP,LOW,LOW,0.1111111111111111,0.14814814814814814,0.07407407407407407,0.037037037037037035,179.28571428571428,188.10257886304248,0.0,0.6666666666666666,448.05555555555554
PREFLOP,LOW,LOW,0.0,0.32,0.32,0.0,411.75,473.3173321092309,0.0,0.68,365.88235294117646
PREFLOP,LOW,LOW,0.08333333333333333,0.20833333333333334,0.08333333333333333,0.16666666666666666,489.09090909090907,740.6742009655513,0.0,0.5833333333333334,247.0
PREFLOP,LOW,LOW,0.0,0.2,0.2,0.0,2441.0,1726.0476528763625,0.0,0.8,500.0
PREFLOP,LOW,LOW,0.25,0.25,0.125,0.0,233.33333333333334,124.72191289246472,0.0,0.375,333.3333333333333
PREFLOP,LOW,LOW,0.09375,0.15625,0.125,0.0,616.6666666666666,530.1700169884942,0.0,0.6875,338.3181818181818
PREFLOP,LOW,LOW,0.05555555555555555,0.2037037037037037,0.35185185185185186,0.0,483.3666666666667,669.7368876407113,0.0,0.5370370370370371,713.448275862069
PREFLOP,LOW,LOW,0.0,0.3333333333333333,0.0,0.0,50.0,0.0,0.0,1.0,300.0
PREFLOP,LOW,LOW,0.1,0.2,0.2,0.0,200.0,0.0,0.0,0.6,500.0
PREFLOP,LOW,LOW,0.0,0.26666666666666666,0.13333333333333333,0.06666666666666667,136.42857142857142,242.6116706601823,0.0,0.8666666666666667,132.84615384615384
PREFLOP,LOW,LOW,0.05555555555555555,0.2777777777777778,0.2777777777777778,0.0,860.0,799.3872653476536,0.0,0.6111111111111112,662.6363636363636
PREFLOP,LOW,LOW,0.0625,0.3125,0.21875,0.03125,152.22222222222223,195.3623835474726,0.0,0.625,504.75
PREFLOP,LOW,LOW,0.0,0.5555555555555556,0.6666666666666666,0.1111111111111111,592.1666666666666,678.3308473200419,0.0,0.2222222222222222,950.0
PREFLOP,LOW,LOW,0.0,0.2,0.36,0.0,520.3571428571429,798.1052806454603,0.0,0.64,581.25
PREFLOP,LOW,LOW,0.0,0.0,0.0,0.0,0.0,0.0,0.0,1.0,350.0
PREFLOP,LOW,LOW,0.0,0.2222222222222222,0.5555555555555556,0.0,253.21428571428572,335.34395281704735,0.0,0.4444444444444444,241.25
PREFLOP,LOW,LOW,0.0,0.25,1.0,0.0,370.0,456.31129725221575,0.0,0.0,0.0
PREFLOP,LOW,LOW,0.0,0.35714285714285715,0.21428571428571427,0.0,85.0,113.86669838016732,0.0,0.7857142857142857,189.36363636363637
PREFLOP,LOW,LOW,0.0,0.25,0.5,0.0,673.3333333333334,800.0555536266771,0.0,0.5,50.0
PREFLOP,LOW,LOW,0.0,0.3333333333333333,0.38095238095238093,0.14285714285714285,512.7777777777778,765.6287817296934,0.0,0.47619047619047616,336.5
PREFLOP,LOW,LOW,0.09090909090909091,0.2727272727272727,0.2727272727272727,0.0,736.6666666666666,1052.8515072394096,0.0,0.6363636363636364,798.5714285714286
PREFLOP,LOW,LOW,0.038461538461538464,0.2692307692307692,0.11538461538461539,0.038461538461538464,258.1818181818182,242.04581344791612,0.0,0.7692307692307693,219.0
PREFLOP,LOW,LOW,0.025,0.26666666666666666,0.44166666666666665,0.025,379.0681818181818,591.9015622746159,0.0,0.5,601.1666666666666
PREFLOP,LOW,LOW,0.13636363636363635,0.36363636363636365,0.18181818181818182,0.0,251.5,323.745045007127,0.0,0.5454545454545454,289.4166666666667
PREFLOP,LOW,LOW,0.2,0.2,0.2,0.0,325.0,277.2634126602354,0.0,0.4,556.25
PREFLOP,LOW,LOW,0.0,0.25,0.75,0.25,114.4,54.29519315740575,0.0,0.0,0.0
PREFLOP,LOW,LOW,0.1111111111111111,0.2222222222222222,0.5,0.0,161.53846153846155,167.55708135456976,0.0,0.3333333333333333,596.6666666666666
PREFLOP,LOW,LOW,0.0,0.0,0.0,0.0,0.0,0.0,0.0,1.0,1556.0
PREFLOP,LOW,LOW,0.25,0.25,0.0,0.0,768.0,0.0,0.0,0.5,1296.0
PREFLOP,LOW,LOW,0.047619047619047616,0.11904761904761904,0.42857142857142855,0.0,420.9130434782609,429.589806663271,0.0,0.5,340.42857142857144
PREFLOP,LOW,LOW,0.0,0.20833333333333334,0.16666666666666666,0.0,627.7777777777778,933.770473761105,0.0,0.8333333333333334,417.15
PREFLOP,LOW,LOW,0.0,0.5714285714285714,0.42857142857142855,0.0,239.28571428571428,202.85408879563624,0.0,0.5714285714285714,425.0
PREFLOP,LOW,LOW,0.09090909090909091,0.09090909090909091,0.0,0.2727272727272727,408.75,439.94850550945165,0.0,0.6363636363636364,152.85714285714286
PREFLOP,LOW,LOW,0.16666666666666666,0.3333333333333333,0.3333333333333333,0.0,81.25,32.47595264191645,0.0,0.3333333333333333,500.0
PREFLOP,LOW,LOW,0.06779661016949153,0.1016949152542373,0.13559322033898305,0.01694915254237288,446.93333333333334,483.82266233878767,0.0,0.7288135593220338,775.6279069767442
PREFLOP,LOW,LOW,0.0,0.2857142857142857,0.2857142857142857,0.14285714285714285,284.0,478.3973244072337,0.0,0.7142857142857143,512.0
PREFLOP,LOW,LOW,0.0,0.0,0.25,0.0,200.0,0.0,0.0,0.75,83.33333333333333
PREFLOP,LOW,LOW,0.06818181818181818,0.20454545454545456,0.22727272727272727,0.06818181818181818,172.5909090909091,195.04302656752967,0.0,0.5909090909090909,382.5769230769231
PREFLOP,LOW,LOW,0.0625,0.125,0.4375,0.125,695.3636363636364,809.5900967268911,0.0,0.375,669.3333333333334
PREFLOP,LOW,LOW,0.05,0.1,0.25,0.2,297.8181818181818,373.27497755075234,0.0,0.5,228.4
PREFLOP,LOW,LOW,0.11764705882352941,0.29411764705882354,0.23529411764705882,0.0,358.3333333333333,243.60651839076297,0.0,0.5294117647058824,600.0
PREFLOP,LOW,LOW,0.2222222222222222,0.2777777777777778,0.05555555555555555,0.16666666666666666,176.66666666666666,161.92514655364607,0.0,0.3888888888888889,304.2857142857143
PREFLOP,LOW,LOW,0.16666666666666666,0.25,0.0,0.0,216.66666666666666,143.3720877840438,0.0,0.6666666666666666,421.875
PREFLOP,LOW,LOW,0.1111111111111111,0.19444444444444445,0.16666666666666666,0.027777777777777776,646.7857142857143,772.4736165968341,0.0,0.5833333333333334,647.1904761904761
PREFLOP,LOW,LOW,0.043478260869565216,0.21739130434782608,0.08695652173913043,0.043478260869565216,372.5,604.9373676257733,0.0,0.782608695652174,492.22222222222223
PREFLOP,LOW,LOW,0.0,0.0,0.3333333333333333,0.0,50.0,0.0,0.0,0.6666666666666666,275.0
PREFLOP,LOW,LOW,0.043478260869565216,0.2608695652173913,0.17391304347826086,0.0,416.0,529.5454654701521,0.0,0.7391304347826086,670.5882352941177
PREFLOP,LOW,LOW,0.0,0.2777777777777778,0.5,0.0,136.78571428571428,130.3701768714483,0.0,0.5,83.33333333333333
PREFLOP,LOW,LOW,0.0,0.25925925925925924,0.37037037037037035,0.07407407407407407,459.2105263157895,609.4655688655427,0.0,0.5555555555555556,650.0
PREFLOP,LOW,LOW,0.07142857142857142,0.07142857142857142,0.14285714285714285,0.0,216.66666666666666,143.3720877840438,0.0,0.7142857142857143,250.0
PREFLOP,LOW,LOW,0.07766990291262135,0.21359223300970873,0.1941747572815534,0.05825242718446602,349.5208333333333,460.23793325269963,0.0,0.6019417475728155,482.5806451612903
PREFLOP,LOW,LOW,0.0,0.0,1.0,0.0,40.0,0.0,0.0,0.0,0.0
PREFLOP,LOW,LOW,0.05714285714285714,0.2,0.4,0.0,285.8412698412698,359.31706903214825,0.0,0.5142857142857142,563.6666666666666
PREFLOP,LOW,LOW,0.0625,0.1875,0.1875,0.0,232.16666666666666,201.46994537371796,0.0,0.6875,160.0
PREFLOP,LOW,LOW,0.0,0.0,1.0,0.0,100.0,0.0,0.0,0.0,0.0
PREFLOP,LOW,LOW,0.0,0.0,1.0,0.0,125.0,75.0,0.0,0.0,0.0
PREFLOP,LOW,LOW,0.034482758620689655,0.13793103448275862,0.4482758620689655,0.0,372.4117647058824,403.35727486515924,0.0,0.5172413793103449,461.3333333333333
PREFLOP,LOW,LOW,0.0,0.4,0.4,0.0,35.0,26.80951323690902,0.0,0.6,30.0
PREFLOP,LOW,LOW,0.0,0.0,0.0,0.0,0.0,0.0,0.0,1.0,253.0
PREFLOP,LOW,LOW,0.0,0.0,0.0,0.0,0.0,0.0,0.0,1.0,550.0
PREFLOP,LOW,LOW,0.045454545454545456,0.2727272727272727,0.22727272727272727,0.09090909090909091,293.3076923076923,348.33175607384067,0.0,0.6818181818181818,576.0
PREFLOP,LOW,LOW,0.08333333333333333,0.3333333333333333,0.25,0.0,260.7142857142857,253.2298648095972,0.0,0.5833333333333334,390.7142857142857
PREFLOP,LOW,LOW,0.0,0.16666666666666666,0.5,0.0,787.5,406.7304850880986,0.0,0.5,433.3333333333333
PREFLOP,LOW,LOW,0.0,0.25,0.0,0.0,600.0,200.0,0.0,1.0,844.5
PREFLOP,LOW,LOW,0.017543859649122806,0.21052631578947367,0.3684210526315789,0.03508771929824561,492.25714285714287,583.5897315641976,0.0,0.5614035087719298,748.59375
PREFLOP,LOW,LOW,0.0,0.0,0.0,0.0,0.0,0.0,0.0,1.0,275.0
PREFLOP,LOW,LOW,0.043478260869565216,0.32608695652173914,0.43478260869565216,0.021739130434782608,347.3611111111111,488.8767496607729,0.0,0.45652173913043476,302.85714285714283
PREFLOP,LOW,LOW,0.0,1.0,1.0,0.0,225.0,159.0990257669732,0.0,0.0,0.0
PREFLOP,LOW,LOW,0.04716981132075472,0.27358490566037735,0.36792452830188677,0.0660377358490566,506.26666666666665,814.7125769205921,0.0,0.4716981132075472,554.92
PREFLOP,LOW,LOW,0.08695652173913043,0.2898550724637681,0.21739130434782608,0.07246376811594203,192.25,205.24965742967757,0.0,0.5507246376811594,289.6842105263158
PREFLOP,LOW,LOW,0.058091286307053944,0.2863070539419087,0.4190871369294606,0.024896265560165973,348.78409090909093,459.0532567538364,0.0,0.45643153526970953,788.9454545454546
PREFLOP,LOW,LOW,0.09090909090909091,0.18181818181818182,0.36363636363636365,0.0,191.66666666666666,138.65257674142603,0.0,0.45454545454545453,345.0
PREFLOP,LOW,LOW,0.15,0.2,0.15,0.0,785.7142857142857,1027.38026264944,0.0,0.55,586.3636363636364
PREFLOP,LOW,LOW,0.0,0.5,0.5,0.0,975.0,695.858282985839,0.0,0.5,1200.0
PREFLOP,LOW,LOW,0.0,0.0,0.5,0.0,40.0,0.0,0.0,0.5,20.0
PREFLOP,LOW,LOW,0.1111111111111111,0.1111111111111111,0.3333333333333333,0.0,2275.0,2002.9665498954296,0.0,0.5555555555555556,835.0
PREFLOP,LOW,LOW,0.125,0.1875,0.1875,0.0,312.9166666666667,256.4348644374904,0.0,0.59375,840.5263157894736
PREFLOP,LOW,LOW,0.0,0.0,0.2,0.2,587.5,212.5,0.0,0.6,200.33333333333334
PREFLOP,LOW,LOW,0.0,0.3333333333333333,0.0,0.3333333333333333,525.0,425.0,0.0,0.6666666666666666,2787.0
PREFLOP,LOW,LOW,0.0,0.0,0.6666666666666666,0.0,150.0,50.0,0.0,0.3333333333333333,100.0
PREFLOP,LOW,LOW,0.07142857142857142,0.25,0.25,0.03571428571428571,130.0,173.18583467862877,0.0,0.6071428571428571,377.88235294117646
PREFLOP,LOW,LOW,0.0,0.19047619047619047,0.47619047619047616,0.19047619047619047,65.33333333333333,82.41434011620869,0.0,0.42857142857142855,294.8888888888889
PREFLOP,LOW,LOW,0.047619047619047616,0.23809523809523808,0.5238095238095238,0.0,188.375,278.91454644523293,0.0,0.38095238095238093,87.375
PREFLOP,LOW,LOW,0.025,0.15,0.1,0.1,183.21428571428572,232.00144829647465,0.0,0.775,201.80645161290323
PREFLOP,LOW,LOW,0.0,0.125,0.625,0.0,602.0833333333334,788.0918007076285,0.0,0.4375,589.2857142857143
PREFLOP,LOW,LOW,0.0,0.375,0.625,0.125,247.44444444444446,371.66651165362435,0.0,0.375,450.0
PREFLOP,LOW,LOW,0.07692307692307693,0.3076923076923077,0.3076923076923077,0.0,183.75,340.04767588530876,0.0,0.5384615384615384,750.0
PREFLOP,LOW,LOW,0.03333333333333333,0.06666666666666667,0.2,0.13333333333333333,196.66666666666666,278.5287072111971,0.0,0.6666666666666666,263.55
PREFLOP,LOW,LOW,0.0425531914893617,0.14893617021276595,0.14893617021276595,0.0,248.21428571428572,194.83876585346226,0.0,0.7659574468085106,596.6388888888889
PREFLOP,LOW,LOW,0.05789473684210526,0.16842105263157894,0.05263157894736842,0.03684210526315789,289.46938775510205,495.9426007417155,0.0,0.8,577.6315789473684
PREFLOP,LOW,LOW,0.05263157894736842,0.3157894736842105,0.3684210526315789,0.05263157894736842,528.5714285714286,1160.2919168732997,0.0,0.47368421052631576,516.6666666666666
PREFLOP,LOW,LOW,0.0,0.15384615384615385,0.15384615384615385,0.0,70.25,57.3380872544594,0.0,0.8461538461538461,531.8181818181819
PREFLOP,LOW,LOW,0.14285714285714285,0.2857142857142857,0.0,0.0,212.5,187.5,0.0,0.7142857142857143,705.0
PREFLOP,LOW,LOW,0.044444444444444446,0.21481481481481482,0.2074074074074074,0.0,326.2280701754386,423.9986448460595,0.0,0.7037037037037037,712.3684210526316
PREFLOP,LOW,LOW,0.07692307692307693,0.3076923076923077,0.0,0.0,287.5,300.7802353878991,0.0,0.8461538461538461,354.54545454545456
PREFLOP,LOW,LOW,0.041666666666666664,0.16666666666666666,0.16666666666666666,0.0,600.0,772.5768570181222,0.0,0.75,416.6666666666667
PREFLOP,LOW,LOW,0.0,0.16666666666666666,0.16666666666666666,0.0,500.0,300.0,0.0,0.8333333333333334,680.0
PREFLOP,LOW,LOW,0.07246376811594203,0.2753623188405797,0.37681159420289856,0.07246376811594203,279.8,245.70069271371628,0.0,0.42028985507246375,542.2413793103449
PREFLOP,LOW,LOW,0.047619047619047616,0.09523809523809523,0.19047619047619047,0.09523809523809523,313.75,538.3003851823812,0.0,0.6190476190476191,522.3076923076923
PREFLOP,LOW,LOW,0.0,1.0,0.0,0.0,4.0,0.0,0.0,1.0,379.0
PREFLOP,LOW,LOW,0.0,0.14285714285714285,0.2857142857142857,0.14285714285714285,936.25,1403.0952112650803,0.0,0.7142857142857143,235.0
PREFLOP,LOW,LOW,0.0,0.0,0.0,0.0,0.0,0.0,0.0,1.0,550.0
PREFLOP,LOW,LOW,0.07407407407407407,0.2777777777777778,0.3333333333333333,0.0,384.3939393939394,680.5778377226295,0.0,0.5185185185185185,478.57142857142856
PREFLOP,LOW,LOW,0.07142857142857142,0.26785714285714285,0.32142857142857145,0.017857142857142856,224.55882352941177,410.75040335104114,0.0,0.5178571428571429,625.1724137931035
PREFLOP,LOW,LOW,0.16666666666666666,0.25,0.16666666666666666,0.0,110.0,63.08724118235002,0.0,0.5,200.0
PREFLOP,LOW,LOW,0.06493506493506493,0.2597402597402597,0.4935064935064935,0.05194805194805195,334.5806451612903,368.3060699327943,0.0,0.3246753246753247,316.16
PREFLOP,LOW,LOW,0.0,0.2,0.2,0.0,412.5,291.6815472394509,0.0,0.8,880.0
PREFLOP,LOW,LOW,0.05309734513274336,0.1592920353982301,0.18584070796460178,0.05309734513274336,498.7111111111111,592.4324591232075,0.0,0.6548672566371682,531.8108108108108
PREFLOP,LOW,LOW,0.0,0.25,0.5,0.5,1144.0,1349.2801043519466,0.0,0.0,0.0
PREFLOP,LOW,LOW,0.0,0.0,0.0,0.0,0.0,0.0,0.0,1.0,233.33333333333334
PREFLOP,LOW,LOW,0.05357142857142857,0.21428571428571427,0.23214285714285715,0.03571428571428571,744.2592592592592,775.6962454423212,0.0,0.625,609.9714285714285
PREFLOP,LOW,LOW,0.0,0.125,0.25,0.0625,157.14285714285714,164.72611777599514,0.0,0.6875,309.54545454545456
PREFLOP,LOW,LOW,0.0,0.42857142857142855,0.2857142857142857,0.0,272.0,162.30341955732172,0.0,0.7142857142857143,1098.0
PREFLOP,LOW,LOW,0.0,0.6666666666666666,0.6666666666666666,0.0,106.25,88.99394291186339,0.0,0.3333333333333333,300.0
PREFLOP,LOW,LOW,0.0,0.09090909090909091,0.09090909090909091,0.0,320.0,226.27416997969522,0.0,0.9090909090909091,334.0
PREFLOP,LOW,LOW,0.0,0.21739130434782608,0.13043478260869565,0.043478260869565216,300.0,212.13203435596427,0.0,0.8260869565217391,628.9473684210526
PREFLOP,LOW,LOW,0.0,0.18518518518518517,0.1111111111111111,0.07407407407407407,285.5,446.5940270536542,0.0,0.8148148148148148,578.2727272727273
PREFLOP,LOW,LOW,0.0,0.25,0.25,0.0,550.0,388.90872965260115,0.0,0.75,2124.6666666666665
PREFLOP,LOW,LOW,0.04,0.17333333333333334,0.5733333333333334,0.013333333333333334,518.3859649122807,955.9350839665126,0.0,0.4533333333333333,815.5588235294117
PREFLOP,LOW,LOW,0.0,0.5,0.5,0.0,670.0,473.76154339498686,0.0,0.5,450.0
PREFLOP,LOW,LOW,0.0,0.0,0.5,0.0,3193.0,0.0,0.0,0.5,900.0
PREFLOP,LOW,LOW,0.07142857142857142,0.2857142857142857,0.07142857142857142,0.07142857142857142,1096.6666666666667,1830.2064243017933,0.0,0.7142857142857143,452.5
PREFLOP,LOW,LOW,0.0,0.5,1.0,0.0,33.333333333333336,13.608276348795432,0.0,0.0,0.0
PREFLOP,LOW,LOW,0.0,0.16666666666666666,0.3333333333333333,0.0,1433.3333333333333,1320.6339667273724,0.0,0.6666666666666666,675.0
PREFLOP,LOW,LOW,0.06451612903225806,0.22580645161290322,0.12903225806451613,0.0,708.3636363636364,905.8203947406871,0.0,0.7419354838709677,738.6086956521739
PREFLOP,LOW,LOW,0.05714285714285714,0.2571428571428571,0.4857142857142857,0.0,288.1923076923077,330.65729382610107,0.0,0.42857142857142855,275.1333333333333
PREFLOP,LOW,LOW,0.045454545454545456,0.13636363636363635,0.36363636363636365,0.045454545454545456,277.0833333333333,273.9787962361997,0.0,0.5454545454545454,1085.4166666666667
PREFLOP,LOW,LOW,0.0,0.2,0.1,0.1,568.75,659.2120651770566,0.0,0.8,603.875
PREFLOP,LOW,LOW,0.08333333333333333,0.08333333333333333,0.4166666666666667,0.16666666666666666,481.25,445.0684638344982,0.0,0.25,516.6666666666666
PREFLOP,LOW,LOW,0.0,0.15789473684210525,0.47368421052631576,0.10526315789473684,471.5,424.356045758074,0.0,0.47368421052631576,218.11111111111111
PREFLOP,LOW,LOW,0.0,0.1111111111111111,0.0,0.0,320.0,0.0,0.0,1.0,672.8888888888889
PREFLOP,LOW,LOW,0.25,0.5,0.5,0.0,17.5,11.92424001771182,0.0,0.0,0.0
PREFLOP,LOW,LOW,0.0,0.0,0.0,0.0,0.0,0.0,0.0,1.0,40.0
PREFLOP,LOW,LOW,0.0,0.16666666666666666,0.0,0.0,50.0,0.0,0.0,1.0,358.3333333333333
PREFLOP,LOW,LOW,0.0,0.3333333333333333,0.3333333333333333,0.3333333333333333,480.0,206.5591117977289,0.0,0.3333333333333333,70.0
PREFLOP,LOW,LOW,0.0,0.25,0.25,0.0,275.0,175.0,0.0,0.75,633.3333333333334
PREFLOP,LOW,LOW,0.038461538461538464,0.3076923076923077,0.23076923076923078,0.038461538461538464,494.0,1422.199376552622,0.0,0.6538461538461539,742.6470588235294
PREFLOP,LOW,LOW,0.0,0.14285714285714285,0.14285714285714285,0.09523809523809523,103.5,158.6402179461438,0.0,0.8095238095238095,550.8235294117648
PREFLOP,LOW,LOW,0.2,0.3,0.3,0.0,16.666666666666668,10.452715401237098,0.0,0.3,60.0
PREFLOP,LOW,LOW,0.06666666666666667,0.16666666666666666,0.23333333333333334,0.0,502.9166666666667,632.5969883367908,0.0,0.6333333333333333,623.6842105263158
PREFLOP,LOW,LOW,0.0,0.3333333333333333,0.3333333333333333,0.0,75.0,63.73774391990981,0.0,0.6666666666666666,208.75
PREFLOP,LOW,LOW,0.0,0.16666666666666666,0.16666666666666666,0.1111111111111111,900.0,1350.2314616390777,0.0,0.7222222222222222,1045.1538461538462
PREFLOP,LOW,LOW,0.2,0.2,0.0,0.0,200.0,0.0,0.0,0.6,733.3333333333334
PREFLOP,LOW,LOW,0.07547169811320754,0.2830188679245283,0.3018867924528302,0.0,241.67741935483872,298.3173753232018,0.0,0.5471698113207547,257.7586206896552
PREFLOP,LOW,LOW,0.06666666666666667,0.06666666666666667,0.13333333333333333,0.13333333333333333,594.0,583.9493128688482,0.0,0.6,944.4444444444445
PREFLOP,LOW,LOW,0.0,0.16666666666666666,0.0,0.0,50.0,0.0,0.0,1.0,241.66666666666666
PREFLOP,LOW,LOW,0.061224489795918366,0.20408163265306123,0.30612244897959184,0.02040816326530612,356.15384615384613,339.63994362607997,0.0,0.5714285714285714,592.0357142857143
PREFLOP,LOW,LOW,0.0,0.0,0.0,0.0,0.0,0.0,0.0,1.0,250.0
PREFLOP,LOW,LOW,0.0379746835443038,0.20253164556962025,0.3037974683544304,0.012658227848101266,392.4146341463415,523.7524082366627,0.0,0.6075949367088608,590.7291666666666
PREFLOP,LOW,LOW,0.0,0.23809523809523808,0.3333333333333333,0.23809523809523808,872.0588235294117,1281.0799667995877,0.0,0.47619047619047616,472.0
PREFLOP,LOW,LOW,0.0,1.0,0.0,0.0,50.0,0.0,0.0,1.0,50.0
PREFLOP,LOW,LOW,0.06382978723404255,0.2127659574468085,0.1276595744680851,0.0425531914893617,853.0,1064.9244626315572,0.0,0.7021276595744681,553.2727272727273
PREFLOP,LOW,LOW,0.07142857142857142,0.07142857142857142,0.07142857142857142,0.0,1200.0,400.0,0.0,0.7857142857142857,276.3636363636364
PREFLOP,LOW,LOW,0.1,0.26666666666666666,0.25,0.0,411.38709677419354,555.9169494275234,0.0,0.55,498.42424242424244
PREFLOP,LOW,LOW,0.0,0.0,0.0,0.5,325.0,0.0,0.0,0.5,50.0
PREFLOP,LOW,LOW,0.0,0.3333333333333333,0.6666666666666666,0.0,466.6666666666667,525.6389410006609,0.0,0.3333333333333333,700.0
PREFLOP,LOW,LOW,0.25,0.25,0.5,0.0,233.33333333333334,124.72191289246472,0.0,0.0,0.0
PREFLOP,LOW,LOW,0.0,0.2857142857142857,0.14285714285714285,0.0,533.3333333333334,527.9730632859555,0.0,0.8571428571428571,493.3333333333333
PREFLOP,LOW,LOW,0.06779661016949153,0.1864406779661017,0.1694915254237288,0.01694915254237288,648.1818181818181,1024.9496423465673,0.0,0.6949152542372882,761.7560975609756
PREFLOP,LOW,LOW,0.0,0.0,0.0,0.0,0.0,0.0,0.0,1.0,475.0
PREFLOP,LOW,LOW,0.0,0.2,0.4,0.06666666666666667,317.0,423.7089803154991,0.0,0.6,157.22222222222223
PREFLOP,LOW,LOW,0.10526315789473684,0.15789473684210525,0.3157894736842105,0.0,616.6666666666666,584.5912363183756,0.0,0.5263157894736842,845.0
PREFLOP,LOW,LOW,0.0,0.0,0.5,0.0,800.0,0.0,0.0,0.5,200.0
PREFLOP,LOW,LOW,0.0,0.2857142857142857,0.5714285714285714,0.0,408.3333333333333,326.2440577009568,0.0,0.42857142857142855,258.3333333333333
PREFLOP,LOW,LOW,0.1111111111111111,0.2222222222222222,0.4444444444444444,0.0,131.66666666666666,87.50925876940319,0.0,0.3333333333333333,360.0
PREFLOP,LOW,LOW,0.0,0.0,1.0,0.0,120.0,0.0,0.0,0.0,0.0
PREFLOP,LOW,LOW,0.0,0.3333333333333333,0.0,0.16666666666666666,533.3333333333334,536.1039147473252,0.0,0.8333333333333334,310.0
PREFLOP,LOW,LOW,0.0967741935483871,0.1935483870967742,0.0967741935483871,0.0,588.8888888888889,933.5647861163912,0.0,0.7096774193548387,605.6818181818181
PREFLOP,LOW,LOW,0.0,0.3333333333333333,0.0,0.0,200.0,0.0,0.0,1.0,333.3333333333333
PREFLOP,LOW,LOW,0.0,0.18181818181818182,0.2727272727272727,0.18181818181818182,279.7142857142857,338.2905060333547,0.0,0.6363636363636364,650.8571428571429
PREFLOP,LOW,LOW,0.11764705882352941,0.29411764705882354,0.058823529411764705,0.058823529411764705,265.7142857142857,246.45119683179684,0.0,0.6470588235294118,279.6363636363636
PREFLOP,LOW,LOW,0.0,0.14285714285714285,0.2857142857142857,0.0,200.0,115.47005383792515,0.0,0.7142857142857143,660.0
PREFLOP,LOW,LOW,0.0,0.375,0.375,0.0,679.1666666666666,699.90698786815,0.0,0.625,655.0
PREFLOP,LOW,LOW,0.0,0.0,0.25,0.0,50.0,0.0,0.0,0.75,833.3333333333334
PREFLOP,LOW,LOW,0.1891891891891892,0.2972972972972973,0.32432432432432434,0.0,390.6521739130435,680.328524651697,0.0,0.2972972972972973,269.09090909090907
PREFLOP,LOW,LOW,0.0,0.18181818181818182,0.2727272727272727,0.0,253.6,199.5842077920996,0.0,0.7272727272727273,715.0
PREFLOP,LOW,LOW,0.0,0.2857142857142857,0.5714285714285714,0.0,198.66666666666666,138.85030575194065,0.0,0.42857142857142855,180.0
PREFLOP,LOW,LOW,0.2,0.2,0.4,0.0,233.33333333333334,124.72191289246472,0.0,0.2,200.0
PREFLOP,LOW,LOW,0.0,0.16666666666666666,0.16666666666666666,0.0,125.0,75.0,0.0,1.0,370.8333333333333
PREFLOP,LOW,LOW,0.0,0.0,0.0,0.0,0.0,0.0,0.0,1.0,199.0
PREFLOP,LOW,LOW,0.08333333333333333,0.16666666666666666,0.175,0.041666666666666664,408.80434782608694,680.7873202709995,0.0,0.6416666666666667,585.3636363636364
PREFLOP,LOW,LOW,0.0784313725490196,0.27450980392156865,0.45098039215686275,0.0196078431372549,296.94736842105266,363.6357871720039,0.0,0.37254901960784315,285.7894736842105
PREFLOP,LOW,LOW,0.0,0.0,1.0,1.0,2187.5,1546.7960838455726,0.0,0.0,0.0
PREFLOP,LOW,LOW,0.0,0.0,0.16666666666666666,0.0,200.0,0.0,0.0,0.8333333333333334,990.0
PREFLOP,LOW,LOW,0.0,0.3333333333333333,0.0,0.0,50.0,0.0,0.0,1.0,383.3333333333333
PREFLOP,LOW,LOW,0.0748663101604278,0.16042780748663102,0.1443850267379679,0.0748663101604278,510.5633802816901,531.2326573551119,0.0,0.6577540106951871,664.0813008130082
PREFLOP,LOW,LOW,0.044444444444444446,0.2,0.24444444444444444,0.0,175.6,187.30456481356774,0.0,0.6888888888888889,349.61290322580646
PREFLOP,LOW,LOW,0.0,0.0,0.0,0.0,0.0,0.0,0.0,1.0,100.0
PREFLOP,LOW,LOW,0.05952380952380952,0.20238095238095238,0.19047619047619047,0.0,216.66666666666666,420.0675350544649,0.0,0.7023809523809523,405.45762711864404
PREFLOP,LOW,LOW,0.0,0.11538461538461539,0.2692307692307692,0.038461538461538464,792.2727272727273,1301.8637002061123,0.0,0.7307692307692307,637.1052631578947
PREFLOP,LOW,LOW,0.0,0.3333333333333333,0.0,0.16666666666666666,516.6666666666666,624.9444419750891,0.0,0.8333333333333334,145.0
PREFLOP,LOW,LOW,0.0,0.0,0.0,0.25,275.0,0.0,0.0,0.75,200.0
PREFLOP,LOW,LOW,0.12,0.24,0.12,0.0,186.66666666666666,131.04518116349354,0.0,0.64,296.5625
PREFLOP,LOW,LOW,0.10810810810810811,0.24324324324324326,0.1891891891891892,0.05405405405405406,437.77777777777777,457.150775210674,0.0,0.5405405405405406,423.6
PREFLOP,LOW,LOW,0.07692307692307693,0.23076923076923078,0.3076923076923077,0.07692307692307693,250.0,281.73569173961613,0.0,0.5384615384615384,564.2857142857143
PREFLOP,LOW,LOW,0.0,0.17857142857142858,0.32142857142857145,0.0,871.1428571428571,1851.1006055574194,0.0,0.6785714285714286,578.421052631579
PREFLOP,LOW,LOW,0.1,0.1,0.0,0.0,100.0,0.0,0.0,0.8,740.625
PREFLOP,LOW,LOW,0.024390243902439025,0.14634146341463414,0.3902439024390244,0.024390243902439025,239.1304347826087,349.89744766756604,0.0,0.5365853658536586,395.22727272727275
PREFLOP,LOW,LOW,0.0,0.16666666666666666,0.16666666666666666,0.0,503.75,326.49834896213486,0.0,0.8333333333333334,1639.0
PREFLOP,LOW,LOW,0.0,0.21428571428571427,0.5714285714285714,0.07142857142857142,459.25,467.5204596681661,0.0,0.35714285714285715,350.0
PREFLOP,LOW,LOW,0.125,0.125,0.125,0.0,421.5,28.5,0.0,0.625,930.0
PREFLOP,LOW,LOW,0.0,0.36363636363636365,0.2727272727272727,0.0,182.14285714285714,152.14692913972084,0.0,0.7272727272727273,403.125
PREFLOP,LOW,LOW,0.0,0.2,0.3,0.0,450.0,556.327241828045,0.0,0.7,275.0
PREFLOP,LOW,LOW,0.06666666666666667,0.30666666666666664,0.44,0.04,580.7627118644068,1986.5972359410848,0.0,0.38666666666666666,509.13793103448273
PREFLOP,LOW,LOW,0.043478260869565216,0.30434782608695654,0.2608695652173913,0.0,634.3846153846154,962.79910662022,0.0,0.6521739130434783,667.5333333333333
PREFLOP,LOW,LOW,0.08695652173913043,0.30434782608695654,0.34782608695652173,0.0,1038.5333333333333,1635.8504779992486,0.0,0.4782608695652174,414.72727272727275
PREFLOP,LOW,LOW,0.030303030303030304,0.24242424242424243,0.2727272727272727,0.0,103.47058823529412,102.57610797815575,0.0,0.6666666666666666,209.4090909090909
PREFLOP,LOW,LOW,0.0,0.5,0.0,0.0,150.0,50.0,0.0,1.0,656.25
PREFLOP,LOW,LOW,0.0,0.25,0.75,0.0,587.5,540.0737796819986,0.0,0.5,387.5
PREFLOP,LOW,LOW,0.057692307692307696,0.21153846153846154,0.19230769230769232,0.0,111.19047619047619,174.32781791967994,0.0,0.7307692307692307,616.2894736842105
PREFLOP,LOW,LOW,0.0,0.14285714285714285,0.2857142857142857,0.0,316.6666666666667,342.37730973623565,0.0,0.7142857142857143,160.0
PREFLOP,LOW,LOW,0.25,0.375,0.125,0.0,525.0,581.3507977116742,0.0,0.375,475.0
PREFLOP,LOW,LOW,0.0,0.4,0.2,0.2,1190.0,685.7659950741215,0.0,0.6,373.3333333333333
PREFLOP,LOW,LOW,0.1,0.3,0.1,0.0,18.75,13.40475661845451,0.0,0.7,415.0
PREFLOP,LOW,LOW,0.0,0.07692307692307693,0.0,0.07692307692307693,242.5,82.5,0.0,0.9230769230769231,707.5833333333334
PREFLOP,LOW,LOW,0.0,0.0,0.0,0.0,0.0,0.0,0.0,1.0,241.66666666666666
PREFLOP,LOW,LOW,0.0,0.0,0.0,0.0,0.0,0.0,0.0,1.0,533.3333333333334
PREFLOP,LOW,LOW,0.0,1.0,1.0,0.0,97.5,68.94291116568839,0.0,0.0,0.0
PREFLOP,LOW,LOW,0.06896551724137931,0.2413793103448276,0.06896551724137931,0.06896551724137931,286.3636363636364,296.71694703310953,0.0,0.7586206896551724,257.95454545454544
PREFLOP,LOW,LOW,0.06976744186046512,0.2558139534883721,0.2558139534883721,0.0,389.3181818181818,652.1482049193759,0.0,0.6046511627906976,619.8076923076923
PREFLOP,LOW,LOW,0.0,0.4,0.8,0.0,194.66666666666666,213.20690698283016,0.0,0.2,400.0
PREFLOP,LOW,LOW,0.08928571428571429,0.22321428571428573,0.23214285714285715,0.0625,434.7413793103448,584.588186679519,0.0,0.5357142857142857,739.6
PREFLOP,LOW,LOW,0.08490566037735849,0.16037735849056603,0.32075471698113206,0.018867924528301886,533.3396226415094,622.9205681704127,0.0,0.5094339622641509,906.925925925926
PREFLOP,LOW,LOW,0.0,0.16666666666666666,0.16666666666666666,0.0,700.0,494.9747468305833,0.0,0.8333333333333334,1945.6
PREFLOP,LOW,LOW,0.07692307692307693,0.19230769230769232,0.23076923076923078,0.0,534.0909090909091,566.1144205812839,0.0,0.6153846153846154,453.25
PREFLOP,LOW,LOW,0.0,0.25,0.25,0.0,400.0,282.842712474619,0.0,0.75,253.33333333333334
PREFLOP,LOW,LOW,0.16666666666666666,0.3333333333333333,0.3333333333333333,0.0,300.0,291.547594742265,0.0,0.3333333333333333,1837.5
PREFLOP,LOW,LOW,0.07407407407407407,0.18518518518518517,0.2962962962962963,0.0,188.46153846153845,175.23961097953435,0.0,0.5555555555555556,810.0
PREFLOP,LOW,LOW,0.0,0.3333333333333333,0.5555555555555556,0.0,34.75,31.21060016244481,0.0,0.5555555555555556,57.6
PREFLOP,LOW,LOW,0.0,0.0,1.0,1.0,337.5,238.64853865045978,0.0,0.0,0.0
PREFLOP,LOW,LOW,0.0,0.16666666666666666,0.3333333333333333,0.16666666666666666,137.5,109.5088466745952,0.0,0.5,233.33333333333334
PREFLOP,LOW,LOW,0.3333333333333333,0.3333333333333333,0.0,0.0,100.0,0.0,0.0,0.3333333333333333,175.0
PREFLOP,LOW,LOW,0.0,0.0,0.0,0.0,0.0,0.0,0.0,1.0,40.0
PREFLOP,LOW,LOW,0.041666666666666664,0.375,0.4583333333333333,0.041666666666666664,350.1904761904762,399.39984860670063,0.0,0.4166666666666667,420.8
PREFLOP,LOW,LOW,0.0,0.5,0.5,0.0,15.0,5.0,0.0,0.5,100.0
PREFLOP,LOW,LOW,0.0,0.0,0.0,0.0,0.0,0.0,0.0,1.0,512.5
PREFLOP,LOW,LOW,0.0,0.2857142857142857,0.2857142857142857,0.0,63.0,44.32550056118938,0.0,0.7142857142857143,118.2
PREFLOP,LOW,LOW,0.0,0.14285714285714285,0.42857142857142855,0.0,330.0,320.4293994002423,0.0,0.5714285714285714,1590.5
PREFLOP,LOW,LOW,0.08333333333333333,0.14583333333333334,0.25,0.0,456.8421052631579,534.8337862261984,0.0,0.6041666666666666,1012.4137931034483
PREFLOP,LOW,LOW,0.0,0.0,0.0,0.0,0.0,0.0,0.0,1.0,454.85714285714283
PREFLOP,LOW,LOW,0.0,0.4,0.26666666666666666,0.06666666666666667,493.1818181818182,522.0526548685456,0.0,0.6666666666666666,530.0
PREFLOP,LOW,LOW,0.0,0.16666666666666666,0.4166666666666667,0.0,1027.142857142857,1461.4008914728595,0.0,0.5833333333333334,307.14285714285717
PREFLOP,LOW,LOW,0.0,0.3333333333333333,0.6666666666666666,0.0,166.66666666666666,140.1057801435388,0.0,0.3333333333333333,156.0
PREFLOP,LOW,LOW,0.0,0.3333333333333333,0.8333333333333334,0.16666666666666666,607.0,529.368255565065,0.0,0.0,0.0
PREFLOP,LOW,LOW,0.07692307692307693,0.3076923076923077,0.4230769230769231,0.038461538461538464,676.25,1169.920369886344,0.0,0.4230769230769231,1332.7272727272727
PREFLOP,LOW,LOW,0.014084507042253521,0.11267605633802817,0.24647887323943662,0.11267605633802817,508.34328358208955,826.850941870631,0.0,0.6267605633802817,918.629213483146
